Nama Restoran,Preferensi Makanan,Lokasi Restoran,Harga Rata-Rata Makanan di Toko (Rp),Rating Toko,Jenis Suasana,Toko Sering Diskon (Ya/Tidak),Variasi Makanan,Pelayanan Khusus Pasangan (Ya/Tidak),Entertainment,Keramaian Restoran,Disajikan atau Ambil Sendiri,All You Can Eat atau Ala Carte
"Mie Bandung Chinese Food, Ngampilan",Chinese,3.23 km,39000,4.7,Santai,Tidak,"Bakmie, Mie ayam, Mie bakso, Mie pangsit, Kwetiaw goreng, Nasi Capcai",Tidak,3,3,Disajikan,Ala Carte
"Soto Tauco Pekalongan Bu Iswi, Jalan Bimokurdo No.46, Gondokusuman, Demangan",Indonesia,3.01 km,19000,3.7,Santai,Tidak,"Bakso, Soto, Cepat saji, Minuman",Tidak,2,2,Disajikan,Ala Carte
"Spesial Bakso Pak Jum Balai Kota, Umbulharjo",Indonesia,1.44 km,18000,3.6,Santai,Tidak,"Bakso, Soto, Jajanan, Minuman",Tidak,2,2,Disajikan,Ala Carte
Soto Ayam Kampung Dan Soto Daging Sapi Pak Ben,Indonesia,0.83 km,22000,3.8,Santai,Tidak,"Bakso, Soto, Minuman",Tidak,1,2,Disajikan,Ala Carte
Toba Tabo,Chinese,2.13 km,40000,4.7,Santai,Tidak,"Bakmie, Dimsum, Bebek Peking, Cow Mein, Wonton Soup, nasi hainan, Spring Rolls, Lo Mein, Congee, Bakpao, Lumpia, Capcay, Kwetiau, Fuyunghai, Sapo Tahu,  Bakmi, Ayam Kungpao, Angsio Tahu, Ayam Koloke, Siomay, I Fu Mie, nasi goreng seafood chinese",Tidak,1,3,Disajikan,Ala Carte
"Sop Ayam Klaten, Mantrijeron",Indonesia,3.1 km,16000,4.4,Santai,Tidak,"Cepat saji, Minuman, Bakso, Soto",Tidak,4,3,Disajikan,Ala Carte
"Legend Coffee, Yogyakarta",Western,3.21 km,37000,4.3,Santai,Tidak,"Dimsum, Bebek Peking, Cow Mein, Wonton Soup, nasi hainan, Spring Rolls, Lo Mein, Congee, Bakpao, Lumpia, Capcay, Kwetiau, Fuyunghai, Sapo Tahu,  Bakmi, Ayam Kungpao, Angsio Tahu, Ayam Koloke, Siomay, I Fu Mie, nasi goreng seafood chinese",Tidak,2,1,Disajikan,Ala Carte
"Martabak Okonomiyaki BAMLY, Sonopakis",Japanese,5.58 km,25000,4.6,Santai,Ya,"Chicken & duck, Sushi, Sashimi, Tempura, Ramen, Udon, Soba, Okonomiyaki, Takoyaki, Tonkatsu, Yakitori, Gyoza, Onigiri, Miso Soup, Nabe, Shabu-Shabu, Sukiyaki, Teriyaki, Unagi, Tamagoyaki, Mochi, Martabak",Tidak,2,3,Disajikan,Ala Carte
"Nasi Goreng Gemilang, Gedongkuning",Chinese,1.97 km,19000,4.7,Santai,Ya,"Dimsum, Bebek Peking, Cow Mein, Wonton Soup, nasi hainan, Spring Rolls, Lo Mein, Congee, Bakpao, Lumpia, Capcay, Kwetiau, Fuyunghai, Sapo Tahu,  Bakmi, Ayam Kungpao, Angsio Tahu, Ayam Koloke, Siomay, I Fu Mie, nasi goreng seafood chinese",Tidak,3,2,Disajikan,Ala Carte
"Restoran Mahkota (Tiong San), Pajeksan",Chinese,3.17 km,132000,4.7,Santai,Tidak,"Dimsum, Bebek Peking, Cow Mein, Wonton Soup, nasi hainan, Spring Rolls, Lo Mein, Congee, Bakpao, Lumpia, Capcay, Kwetiau, Fuyunghai, Sapo Tahu,  Bakmi, Ayam Kungpao, Angsio Tahu, Ayam Koloke, Siomay, I Fu Mie, nasi goreng seafood chinese, Ayam & bebek, Aneka nasi, Bakmie",Tidak,3,1,Disajikan,Ala Carte
"Curryin, Perumnas",Japanese,5.8 km,42000,4.6,Santai,Tidak,"Sushi, Sashimi, Tempura, Ramen, Udon, Soba, Okonomiyaki, Takoyaki, Tonkatsu, Yakitori, Gyoza, Onigiri, Miso Soup, Nabe, Shabu-Shabu, Sukiyaki, Teriyaki, Unagi, Tamagoyaki, Mochi.",Tidak,2,1,Disajikan,Ala Carte
"Marugame Udon, Hartono Mall Jogja",Japanese,6.02 km,68000,4.8,Formal,Tidak,"Sushi, Sashimi, Tempura, Ramen, Udon, Soba, Okonomiyaki, Takoyaki, Tonkatsu, Yakitori, Gyoza, Onigiri, Miso Soup, Nabe, Shabu-Shabu, Sukiyaki, Teriyaki, Unagi, Tamagoyaki, Mochi.",Tidak,1,1,Disajikan,Ala Carte
"YOSHINOYA BEEF BOWL, Transmart Maguwoharjo",Japanese,4.89 km,64000,4.7,Formal,Tidak,"Sushi, Sashimi, Tempura, Ramen, Udon, Soba, Okonomiyaki, Takoyaki, Tonkatsu, Yakitori, Gyoza, Onigiri, Miso Soup, Nabe, Shabu-Shabu, Sukiyaki, Teriyaki, Unagi, Tamagoyaki, Mochi., Fast food, Chicken & duck, Rice",Tidak,2,3,Disajikan,Ala Carte
"Sushi Battousai, Suryodiningratan",Japanese,3.31 km,32000,4.5,Formal,Tidak,"Sushi, Sashimi, Tempura, Ramen, Udon, Soba, Okonomiyaki, Takoyaki, Tonkatsu, Yakitori, Gyoza, Onigiri, Miso Soup, Nabe, Shabu-Shabu, Sukiyaki, Teriyaki, Unagi, Tamagoyaki, Mochi., Snacks, Dimsum, Bebek Peking, Cow Mein, Wonton Soup, nasi hainan, Spring Rolls, Lo Mein, Congee, Bakpao, Lumpia, Capcay, Kwetiau, Fuyunghai, Sapo Tahu,  Bakmi, Ayam Kungpao, Angsio Tahu, Ayam Koloke, Siomay, I Fu Mie, nasi goreng seafood chinese",Tidak,1,2,Disajikan,Ala Carte
"Mochi Sakura, Plaza Ambarukmo",Japanese,3.73 km,41000,4.2,Santai,Ya,"Sushi, Sashimi, Tempura, Ramen, Udon, Soba, Okonomiyaki, Takoyaki, Tonkatsu, Yakitori, Gyoza, Onigiri, Miso Soup, Nabe, Shabu-Shabu, Sukiyaki, Teriyaki, Unagi, Tamagoyaki, Mochi., Snacks, Sweets",Tidak,4,1,Disajikan,Ala Carte
"Soto Pak Zaenal Barokah, Warungboto Umbulharjo",Indonesia,0.65 km,15000,4.5,Santai,Tidak,"Minuman, Bakso, Soto",Tidak,4,2,Disajikan,Ala Carte
"Warung Lawas, Prawirotaman",Western,1.9 km,41000,4.7,Santai,Tidak,"Pizza & pasta, Chicken & duck, Burger, Steak, Pizza, Pasta, Fish and Chips, Caesar Salad, French Fries, Chicken Wings, Grilled Cheese Sandwich, Tacos, Lasagna, Ribs, Nachos, Mac and Cheese, Quesadilla, Hot Dog, Meatloaf, Buffalo Wings, Chicken Parmesan, Clam Chowder, Rice, Beverages, Snacks, Sweets, Fast food, Bakery, Bakso, Soto, Noodles, Coffee",Tidak,3,2,Disajikan,Ala Carte
"Mediterranea Restaurant by Kamil, Matrijeron",Western,2.61 km,76000,4.8,Santai,Tidak,"Pizza & pasta, Burger, Steak, Pizza, Pasta, Fish and Chips, Caesar Salad, French Fries, Chicken Wings, Grilled Cheese Sandwich, Tacos, Lasagna, Ribs, Nachos, Mac and Cheese, Quesadilla, Hot Dog, Meatloaf, Buffalo Wings, Chicken Parmesan, Clam Chowder",Tidak,1,2,Disajikan,Ala Carte
"Rustik Bistro & Bar, Hotel Harper Malioboro Yogyakarta",Western,3.92 km,32000,3.8,Formal,Tidak,"Rice, Beverages, Burger, Steak, Pizza, Pasta, Fish and Chips, Caesar Salad, French Fries, Chicken Wings, Grilled Cheese Sandwich, Tacos, Lasagna, Ribs, Nachos, Mac and Cheese, Quesadilla, Hot Dog, Meatloaf, Buffalo Wings, Chicken Parmesan, Clam Chowder",Tidak,2,3,Disajikan,Ala Carte
"Gyudel Bowl & Nasi Goreng, Depok",Japanese,5.2 km,29000,4.7,Formal,Tidak,"Rice, Fast food, Sushi, Sashimi, Tempura, Ramen, Udon, Soba, Okonomiyaki, Takoyaki, Tonkatsu, Yakitori, Gyoza, Onigiri, Miso Soup, Nabe, Shabu-Shabu, Sukiyaki, Teriyaki, Unagi, Tamagoyaki, Mochi",Tidak,2,1,Disajikan,Ala Carte
"Sushi Story, Gejayan",Japanese,5.76 km,62000,4.6,Formal,Tidak,"Seafood, Sushi, Sashimi, Tempura, Ramen, Udon, Soba, Okonomiyaki, Takoyaki, Tonkatsu, Yakitori, Gyoza, Onigiri, Miso Soup, Nabe, Shabu-Shabu, Sukiyaki, Teriyaki, Unagi, Tamagoyaki, Mochi",Tidak,2,3,Disajikan,Ala Carte
"Burgerax, Imogiri Timur",Western,3.24 km,38000,4.6,Santai,Tidak,"Snacks, Burger, Steak, Pizza, Pasta, Fish and Chips, Caesar Salad, French Fries, Chicken Wings, Grilled Cheese Sandwich, Tacos, Lasagna, Ribs, Nachos, Mac and Cheese, Quesadilla, Hot Dog, Meatloaf, Buffalo Wings, Chicken Parmesan, Clam Chowder, Fast food",Tidak,4,2,Disajikan,Ala Carte
"Pulung Steak & Ribs, Catur Tunggal",Western,3.64 km,43000,4.6,Santai,Ya,"Burger, Steak, Pizza, Pasta, Fish and Chips, Caesar Salad, French Fries, Chicken Wings, Grilled Cheese Sandwich, Tacos, Lasagna, Ribs, Nachos, Mac and Cheese, Quesadilla, Hot Dog, Meatloaf, Buffalo Wings, Chicken Parmesan, Clam Chowder",Tidak,1,3,Disajikan,Ala Carte
"Burger Bangor Express, Bantul",Western,4.22 km,40000,4.8,Santai,Tidak,"Burger, Steak, Pizza, Pasta, Fish and Chips, Caesar Salad, French Fries, Chicken Wings, Grilled Cheese Sandwich, Tacos, Lasagna, Ribs, Nachos, Mac and Cheese, Quesadilla, Hot Dog, Meatloaf, Buffalo Wings, Chicken Parmesan, Clam Chowder, Fast food, Chicken & duck",Tidak,3,1,Disajikan,Ala Carte
"BurgeriOr, Tempel",Western,4.12 km,40000,4.7,Santai,Ya,"Burger, Steak, Pizza, Pasta, Fish and Chips, Caesar Salad, French Fries, Chicken Wings, Grilled Cheese Sandwich, Tacos, Lasagna, Ribs, Nachos, Mac and Cheese, Quesadilla, Hot Dog, Meatloaf, Buffalo Wings, Chicken Parmesan, Clam Chowder, Fast food, Snacks",Tidak,3,2,Disajikan,Ala Carte
"Mamam Food, Pringgolayan Banguntapan",Western,2.17 km,27000,4.7,Santai,Tidak,"Burger, Steak, Pizza, Pasta, Fish and Chips, Caesar Salad, French Fries, Chicken Wings, Grilled Cheese Sandwich, Tacos, Lasagna, Ribs, Nachos, Mac and Cheese, Quesadilla, Hot Dog, Meatloaf, Buffalo Wings, Chicken Parmesan, Clam Chowder, Pizza & pasta, Rice",Tidak,2,1,Disajikan,Ala Carte
"Yamie Panda, Cokroaminoto",Chinese,4.3 km,28000,4.7,Santai,Ya,"Bakmie, Dimsum, Bebek Peking, Cow Mein, Wonton Soup, nasi hainan, Spring Rolls, Lo Mein, Congee, Bakpao, Lumpia, Capcay, Kwetiau, Fuyunghai, Sapo Tahu,  Bakmi, Ayam Kungpao, Angsio Tahu, Ayam Koloke, Siomay, I Fu Mie, nasi goreng seafood chinese, Bakso, Soto",Ya,3,1,Disajikan,Ala Carte
"Kedai Mie Nyinyir, Sorogenen",Indonesia,1.46 km,22000,4.7,Santai,Ya,"Bakso, Soto, Bakmie",Tidak,2,2,Disajikan,Ala Carte
"Dudidu Dimsum, ISI",Chinese,5.54 km,40000,4.6,Santai,Ya,"Dimsum, Bebek Peking, Cow Mein, Wonton Soup, nasi hainan, Spring Rolls, Lo Mein, Congee, Bakpao, Lumpia, Capcay, Kwetiau, Fuyunghai, Sapo Tahu,  Bakmi, Ayam Kungpao, Angsio Tahu, Ayam Koloke, Siomay, I Fu Mie, nasi goreng seafood chinese, Sushi, Sashimi, Tempura, Ramen, Udon, Soba, Okonomiyaki, Takoyaki, Tonkatsu, Yakitori, Gyoza, Onigiri, Miso Soup, Nabe, Shabu-Shabu, Sukiyaki, Teriyaki, Unagi, Tamagoyaki, Mochi, Korean",Tidak,4,2,Disajikan,Ala Carte
"Kwetiau Goreng Dan Nasi Goreng Seafood Makjoss, Batikan",Chinese,0.72 km,25000,4.6,Santai,Tidak,"Dimsum, Bebek Peking, Cow Mein, Wonton Soup, nasi hainan, Spring Rolls, Lo Mein, Congee, Bakpao, Lumpia, Capcay, Kwetiau, Fuyunghai, Sapo Tahu,  Bakmi, Ayam Kungpao, Angsio Tahu, Ayam Koloke, Siomay, I Fu Mie, nasi goreng seafood chinese, Seafood, Bakmie",Tidak,1,3,Disajikan,Ala Carte
"Double O Resto, Tegalrejo",Japanese,4.61 km,30000,4.6,Santai,Tidak,"Coffee, Beverages, Sushi, Sashimi, Tempura, Ramen, Udon, Soba, Okonomiyaki, Takoyaki, Tonkatsu, Yakitori, Gyoza, Onigiri, Miso Soup, Nabe, Shabu-Shabu, Sukiyaki, Teriyaki, Unagi, Tamagoyaki, Mochi",Tidak,1,1,Disajikan,Ala Carte
"HokBen Kitchen, Godean Jogjakarta",Japanese,5.22 km,49000,4.7,Formal,Tidak,"Fast food, Sushi, Sashimi, Tempura, Ramen, Udon, Soba, Okonomiyaki, Takoyaki, Tonkatsu, Yakitori, Gyoza, Onigiri, Miso Soup, Nabe, Shabu-Shabu, Sukiyaki, Teriyaki, Unagi, Tamagoyaki, Mochi",Tidak,4,1,Disajikan,Ala Carte
Salad Sehat Fd,Japanese,4.79 km,30000,4.7,Santai,Tidak,"Fast food, Sushi, Sashimi, Tempura, Ramen, Udon, Soba, Okonomiyaki, Takoyaki, Tonkatsu, Yakitori, Gyoza, Onigiri, Miso Soup, Nabe, Shabu-Shabu, Sukiyaki, Teriyaki, Unagi, Tamagoyaki, Mochi, Korean",Tidak,3,3,Disajikan,Ala Carte
"Bakmi Nikmat Rasa, Soragan",Indonesia,5.29 km,59000,4.6,Santai,Tidak,"Sushi, Sashimi, Tempura, Ramen, Udon, Soba, Okonomiyaki, Takoyaki, Tonkatsu, Yakitori, Gyoza, Onigiri, Miso Soup, Nabe, Shabu-Shabu, Sukiyaki, Teriyaki, Unagi, Tamagoyaki, Mochi.",Tidak,3,1,Disajikan,Ala Carte
"GYU KATSU, CONDONGCATUR",Japanese,5.91 km,32000,4.7,Formal,Ya,"Sushi, Sashimi, Tempura, Ramen, Udon, Soba, Okonomiyaki, Takoyaki, Tonkatsu, Yakitori, Gyoza, Onigiri, Miso Soup, Nabe, Shabu-Shabu, Sukiyaki, Teriyaki, Unagi, Tamagoyaki, Mochi., Rice",Tidak,2,3,Disajikan,Ala Carte
"Vegan Cafe Black Forest, Brontokusuman",Chinese,2.25 km,22000,4.7,Santai,Tidak,"Minuman, Dimsum, Bebek Peking, Cow Mein, Wonton Soup, nasi hainan, Spring Rolls, Lo Mein, Congee, Bakpao, Lumpia, Capcay, Kwetiau, Fuyunghai, Sapo Tahu,  Bakmi, Ayam Kungpao, Angsio Tahu, Ayam Koloke, Siomay, I Fu Mie, nasi goreng seafood chinese, Barat",Tidak,2,3,Disajikan,Ala Carte
"Grennesia Salad Bar & Breakfast, Parangtritis",Western,2.23 km,22000,4.7,Formal,Tidak,"Rice, Burger, Steak, Pizza, Pasta, Fish and Chips, Caesar Salad, French Fries, Chicken Wings, Grilled Cheese Sandwich, Tacos, Lasagna, Ribs, Nachos, Mac and Cheese, Quesadilla, Hot Dog, Meatloaf, Buffalo Wings, Chicken Parmesan, Clam Chowder, Snacks",Tidak,1,3,Disajikan,Ala Carte
"Chikuro Pakuwon Mall Jogja, Pakuwon Mall Lantai LG",Japanese,6.2 km,40000,4.6,Formal,Tidak,"Snacks, Sushi, Sashimi, Tempura, Ramen, Udon, Soba, Okonomiyaki, Takoyaki, Tonkatsu, Yakitori, Gyoza, Onigiri, Miso Soup, Nabe, Shabu-Shabu, Sukiyaki, Teriyaki, Unagi, Tamagoyaki, Mochi",Tidak,4,2,Disajikan,Ala Carte
"Waroeng Steak And Shake, Tamansiswa",Western,1.18 km,40000,4.7,Santai,Tidak,"Burger, Steak, Pizza, Pasta, Fish and Chips, Caesar Salad, French Fries, Chicken Wings, Grilled Cheese Sandwich, Tacos, Lasagna, Ribs, Nachos, Mac and Cheese, Quesadilla, Hot Dog, Meatloaf, Buffalo Wings, Chicken Parmesan, Clam Chowder",Tidak,2,1,Disajikan,Ala Carte
"Burger King, Diponegoro",Western,4.32 km,57000,4.7,Santai,Ya,"Burger, Steak, Pizza, Pasta, Fish and Chips, Caesar Salad, French Fries, Chicken Wings, Grilled Cheese Sandwich, Tacos, Lasagna, Ribs, Nachos, Mac and Cheese, Quesadilla, Hot Dog, Meatloaf, Buffalo Wings, Chicken Parmesan, Clam Chowder, Fast food",Tidak,2,2,Disajikan,Ala Carte
"ViaVia Jogja, Prawirotaman",Western,1.9 km,75000,4.8,Santai,Tidak,"Burger, Steak, Pizza, Pasta, Fish and Chips, Caesar Salad, French Fries, Chicken Wings, Grilled Cheese Sandwich, Tacos, Lasagna, Ribs, Nachos, Mac and Cheese, Quesadilla, Hot Dog, Meatloaf, Buffalo Wings, Chicken Parmesan, Clam Chowder, Indian, Pizza & pasta",Tidak,1,1,Disajikan,Ala Carte
"AMco, Parangtritis",Japanese,2.47 km,108000,4.7,Formal,Tidak,"Burger, Steak, Pizza, Pasta, Fish and Chips, Caesar Salad, French Fries, Chicken Wings, Grilled Cheese Sandwich, Tacos, Lasagna, Ribs, Nachos, Mac and Cheese, Quesadilla, Hot Dog, Meatloaf, Buffalo Wings, Chicken Parmesan, Clam Chowder, Sushi, Sashimi, Tempura, Ramen, Udon, Soba, Okonomiyaki, Takoyaki, Tonkatsu, Yakitori, Gyoza, Onigiri, Miso Soup, Nabe, Shabu-Shabu, Sukiyaki, Teriyaki, Unagi, Tamagoyaki, Mochi, Pizza & pasta",Tidak,1,1,Disajikan,Ala Carte
"The Rock Burger, Melati Wetan",Western,2.42 km,50000,4.7,Santai,Tidak,"Burger, Steak, Pizza, Pasta, Fish and Chips, Caesar Salad, French Fries, Chicken Wings, Grilled Cheese Sandwich, Tacos, Lasagna, Ribs, Nachos, Mac and Cheese, Quesadilla, Hot Dog, Meatloaf, Buffalo Wings, Chicken Parmesan, Clam Chowder, Rice, Fast food",Tidak,2,1,Disajikan,Ala Carte
"Lotek Gado-Gado Bu Ning, Tamansiswa",Indonesia,1.34 km,26000,4.7,Santai,Tidak,"Aneka nasi, Ayam & bebek, Bakso, Soto",Tidak,4,3,Disajikan,Ala Carte
"Pecel Lele Dan Bakso Mie Ayam Sakolehe, Umbulharjo",Indonesia,0.53 km,20000,4.5,Santai,Tidak,"Aneka nasi, Ayam & bebek, Bakso, Soto",Tidak,3,2,Disajikan,Ala Carte
"Pork King - Ricebox Babi, Gondokusuman",Chinese,2.22 km,52000,4.8,Santai,Tidak,"Aneka nasi, Cepat saji, Dimsum, Bebek Peking, Cow Mein, Wonton Soup, nasi hainan, Spring Rolls, Lo Mein, Congee, Bakpao, Lumpia, Capcay, Kwetiau, Fuyunghai, Sapo Tahu,  Bakmi, Ayam Kungpao, Angsio Tahu, Ayam Koloke, Siomay, I Fu Mie, nasi goreng seafood chinese",Tidak,4,1,Disajikan,Ala Carte
"PigGoo Kitchen, Baciro",Chinese,2.65 km,52000,4.5,Santai,Tidak,"Bakmie, Dimsum, Bebek Peking, Cow Mein, Wonton Soup, nasi hainan, Spring Rolls, Lo Mein, Congee, Bakpao, Lumpia, Capcay, Kwetiau, Fuyunghai, Sapo Tahu,  Bakmi, Ayam Kungpao, Angsio Tahu, Ayam Koloke, Siomay, I Fu Mie, nasi goreng seafood chinese, Aneka nasi",Tidak,3,3,Disajikan,Ala Carte
"Soto Sehati, Umbulharjo",Indonesia,0.75 km,26000,4.3,Santai,Tidak,"Bakso, Soto",Tidak,3,3,Disajikan,Ala Carte
"Bakso Urat & Mie Ayam Rizky, Sorogenen",Indonesia,1.5 km,17000,4.8,Santai,Tidak,"Bakso, Soto, Bakmie",Tidak,2,2,Disajikan,Ala Carte
Izakaya Japanese Resto,Japanese,5.55 km,120000,4.8,Formal,Tidak,"Beverages, Sushi, Sashimi, Tempura, Ramen, Udon, Soba, Okonomiyaki, Takoyaki, Tonkatsu, Yakitori, Gyoza, Onigiri, Miso Soup, Nabe, Shabu-Shabu, Sukiyaki, Teriyaki, Unagi, Tamagoyaki, Mochi, Seafood",Tidak,4,2,Disajikan,Ala Carte
Yani's Kitchen,Chinese,3.58 km,26000,4.4,Santai,Tidak,"Dimsum, Bebek Peking, Cow Mein, Wonton Soup, nasi hainan, Spring Rolls, Lo Mein, Congee, Bakpao, Lumpia, Capcay, Kwetiau, Fuyunghai, Sapo Tahu,  Bakmi, Ayam Kungpao, Angsio Tahu, Ayam Koloke, Siomay, I Fu Mie, nasi goreng seafood chinese, Ayam & bebek, Aneka nasi, Bakmie",Tidak,2,3,Disajikan,Ala Carte
"Seafood 99, Wonocatur",Chinese,2.33 km,23000,4.7,Santai,Tidak,"Dimsum, Bebek Peking, Cow Mein, Wonton Soup, nasi hainan, Spring Rolls, Lo Mein, Congee, Bakpao, Lumpia, Capcay, Kwetiau, Fuyunghai, Sapo Tahu,  Bakmi, Ayam Kungpao, Angsio Tahu, Ayam Koloke, Siomay, I Fu Mie, nasi goreng seafood chinese, Seafood, Aneka nasi",Tidak,1,1,Disajikan,Ala Carte
"Hotaru Ramen, Banguntapan",Japanese,2.84 km,36000,4,Santai,Tidak,"Fast food, Sushi, Sashimi, Tempura, Ramen, Udon, Soba, Okonomiyaki, Takoyaki, Tonkatsu, Yakitori, Gyoza, Onigiri, Miso Soup, Nabe, Shabu-Shabu, Sukiyaki, Teriyaki, Unagi, Tamagoyaki, Mochi, Noodles",Tidak,4,3,Disajikan,Ala Carte
Kantin Mama Mirza,Indonesia,0.99 km,17000,4.2,Santai,Tidak,"Jajanan, Bakso, Soto Aneka nasi",Tidak,3,2,Disajikan,Ala Carte
"Mitsuru Ramen, Foodcourt135",Japanese,4.87 km,35000,4.3,Santai,Tidak,"Sushi, Sashimi, Tempura, Ramen, Udon, Soba, Okonomiyaki, Takoyaki, Tonkatsu, Yakitori, Gyoza, Onigiri, Miso Soup, Nabe, Shabu-Shabu, Sukiyaki, Teriyaki, Unagi, Tamagoyaki, Mochi.",Tidak,1,2,Disajikan,Ala Carte
"Warung Ramen N Katsu, Chapter 1 Menteri Supeno",Japanese,0.74 km,30000,4.6,Santai,Tidak,"Sushi, Sashimi, Tempura, Ramen, Udon, Soba, Okonomiyaki, Takoyaki, Tonkatsu, Yakitori, Gyoza, Onigiri, Miso Soup, Nabe, Shabu-Shabu, Sukiyaki, Teriyaki, Unagi, Tamagoyaki, Mochi.",Tidak,2,2,Disajikan,Ala Carte
Deta Kitchen,Japanese,5.68 km,16000,4.4,Santai,Tidak,"Sushi, Sashimi, Tempura, Ramen, Udon, Soba, Okonomiyaki, Takoyaki, Tonkatsu, Yakitori, Gyoza, Onigiri, Miso Soup, Nabe, Shabu-Shabu, Sukiyaki, Teriyaki, Unagi, Tamagoyaki, Mochi., Dimsum, Bebek Peking, Cow Mein, Wonton Soup, nasi hainan, Spring Rolls, Lo Mein, Congee, Bakpao, Lumpia, Capcay, Kwetiau, Fuyunghai, Sapo Tahu,  Bakmi, Ayam Kungpao, Angsio Tahu, Ayam Koloke, Siomay, I Fu Mie, nasi goreng seafood chinese",Tidak,3,2,Disajikan,Ala Carte
"Chicken Katsu Domreneo, Suryodiningratan",Japanese,3.01 km,21000,3.4,Santai,Ya,"Sushi, Sashimi, Tempura, Ramen, Udon, Soba, Okonomiyaki, Takoyaki, Tonkatsu, Yakitori, Gyoza, Onigiri, Miso Soup, Nabe, Shabu-Shabu, Sukiyaki, Teriyaki, Unagi, Tamagoyaki, Mochi., Rice, Chicken & duck",Tidak,1,3,Disajikan,Ala Carte
"Sushi Yay, Selokan Yogya",Japanese,5.11 km,82000,4.7,Santai,Ya,"Sushi, Sashimi, Tempura, Ramen, Udon, Soba, Okonomiyaki, Takoyaki, Tonkatsu, Yakitori, Gyoza, Onigiri, Miso Soup, Nabe, Shabu-Shabu, Sukiyaki, Teriyaki, Unagi, Tamagoyaki, Mochi., Rice, Fast food, Chicken & duck",Tidak,4,2,Disajikan,Ala Carte
Tanoshi Bedjo Homestay,Japanese,6.4 km,66000,4.5,Santai,Ya,"Sushi, Sashimi, Tempura, Ramen, Udon, Soba, Okonomiyaki, Takoyaki, Tonkatsu, Yakitori, Gyoza, Onigiri, Miso Soup, Nabe, Shabu-Shabu, Sukiyaki, Teriyaki, Unagi, Tamagoyaki, Mochi., Rice, Sate",Tidak,1,1,Disajikan,Ala Carte
Kantin Siap Saji Zupa Soup The Eifel,Western,1.56 km,22000,3.9,Santai,Tidak,"Pizza & pasta, Rice, Burger, Steak, Pizza, Pasta, Fish and Chips, Caesar Salad, French Fries, Chicken Wings, Grilled Cheese Sandwich, Tacos, Lasagna, Ribs, Nachos, Mac and Cheese, Quesadilla, Hot Dog, Meatloaf, Buffalo Wings, Chicken Parmesan, Clam Chowder",Tidak,2,2,Disajikan,Ala Carte
Penyetan Ayam Bakar Dan Suki Tomyam Yss Food,Japanese,6.09 km,32000,4.8,Santai,Tidak,"Rice, Chicken & duck, Sushi, Sashimi, Tempura, Ramen, Udon, Soba, Okonomiyaki, Takoyaki, Tonkatsu, Yakitori, Gyoza, Onigiri, Miso Soup, Nabe, Shabu-Shabu, Sukiyaki, Teriyaki, Unagi, Tamagoyaki, Mochi",Tidak,2,3,Disajikan,Ala Carte
"Bento Yay, Selokan Yogya",Japanese,5.11 km,58000,4.7,Formal,Ya,"Rice, Sushi, Sashimi, Tempura, Ramen, Udon, Soba, Okonomiyaki, Takoyaki, Tonkatsu, Yakitori, Gyoza, Onigiri, Miso Soup, Nabe, Shabu-Shabu, Sukiyaki, Teriyaki, Unagi, Tamagoyaki, Mochi, Chicken & duck",Tidak,2,1,Disajikan,Ala Carte
"Nikkou Ramen, Pakualaman",Japanese,1.64 km,32000,4.2,Santai,Tidak,"Rice, Noodles, Sushi, Sashimi, Tempura, Ramen, Udon, Soba, Okonomiyaki, Takoyaki, Tonkatsu, Yakitori, Gyoza, Onigiri, Miso Soup, Nabe, Shabu-Shabu, Sukiyaki, Teriyaki, Unagi, Tamagoyaki, Mochi",Tidak,4,3,Disajikan,Ala Carte
"d'Sushi & Takoyaki, Rejodadi Sidorejo",Japanese,5.95 km,34000,4.4,Santai,Tidak,"Rice, Snacks, Sushi, Sashimi, Tempura, Ramen, Udon, Soba, Okonomiyaki, Takoyaki, Tonkatsu, Yakitori, Gyoza, Onigiri, Miso Soup, Nabe, Shabu-Shabu, Sukiyaki, Teriyaki, Unagi, Tamagoyaki, Mochi",Tidak,1,2,Disajikan,Ala Carte
"Wangoen Zuppa Soup, Umbulharjo",Western,0.17 km,20000,4.7,Santai,Tidak,"Snacks, Burger, Steak, Pizza, Pasta, Fish and Chips, Caesar Salad, French Fries, Chicken Wings, Grilled Cheese Sandwich, Tacos, Lasagna, Ribs, Nachos, Mac and Cheese, Quesadilla, Hot Dog, Meatloaf, Buffalo Wings, Chicken Parmesan, Clam Chowder",Tidak,3,2,Disajikan,Ala Carte
"Burgerax, Prawirotaman",Western,2.02 km,38000,4.7,Santai,Tidak,"Snacks, Burger, Steak, Pizza, Pasta, Fish and Chips, Caesar Salad, French Fries, Chicken Wings, Grilled Cheese Sandwich, Tacos, Lasagna, Ribs, Nachos, Mac and Cheese, Quesadilla, Hot Dog, Meatloaf, Buffalo Wings, Chicken Parmesan, Clam Chowder, Fast food",Tidak,3,3,Disajikan,Ala Carte
"Kedai Jagoan Moy-Moy, Tamsis",Chinese,1.32 km,12000,4.7,Santai,Tidak,"Sweets, Dimsum, Bebek Peking, Cow Mein, Wonton Soup, nasi hainan, Spring Rolls, Lo Mein, Congee, Bakpao, Lumpia, Capcay, Kwetiau, Fuyunghai, Sapo Tahu,  Bakmi, Ayam Kungpao, Angsio Tahu, Ayam Koloke, Siomay, I Fu Mie, nasi goreng seafood chinese",Tidak,4,2,Disajikan,Ala Carte
"Waroeng Steak and Shake, Demangan",Western,3.73 km,40000,4.7,Santai,Tidak,"Burger, Steak, Pizza, Pasta, Fish and Chips, Caesar Salad, French Fries, Chicken Wings, Grilled Cheese Sandwich, Tacos, Lasagna, Ribs, Nachos, Mac and Cheese, Quesadilla, Hot Dog, Meatloaf, Buffalo Wings, Chicken Parmesan, Clam Chowder",Tidak,2,1,Disajikan,Ala Carte
"Waroeng Steak and Shake, Jalan Bantul",Western,4.08 km,40000,4.7,Santai,Tidak,"Burger, Steak, Pizza, Pasta, Fish and Chips, Caesar Salad, French Fries, Chicken Wings, Grilled Cheese Sandwich, Tacos, Lasagna, Ribs, Nachos, Mac and Cheese, Quesadilla, Hot Dog, Meatloaf, Buffalo Wings, Chicken Parmesan, Clam Chowder",Tidak,1,2,Disajikan,Ala Carte
"Spark Resto And Sports Bar, Prawirotaman",Western,2.21 km,36000,4.7,Santai,Ya,"Burger, Steak, Pizza, Pasta, Fish and Chips, Caesar Salad, French Fries, Chicken Wings, Grilled Cheese Sandwich, Tacos, Lasagna, Ribs, Nachos, Mac and Cheese, Quesadilla, Hot Dog, Meatloaf, Buffalo Wings, Chicken Parmesan, Clam Chowder, Beverages, Sate",Tidak,3,3,Disajikan,Ala Carte
"Dapur Mamika, Jl Sisingamangaraja Gg Menur",Western,1.68 km,18000,3.9,Santai,Tidak,"Burger, Steak, Pizza, Pasta, Fish and Chips, Caesar Salad, French Fries, Chicken Wings, Grilled Cheese Sandwich, Tacos, Lasagna, Ribs, Nachos, Mac and Cheese, Quesadilla, Hot Dog, Meatloaf, Buffalo Wings, Chicken Parmesan, Clam Chowder, Chicken & duck, Rice",Tidak,4,1,Disajikan,Ala Carte
"Burgerax, Demangan Baru",Western,3.59 km,38000,4.6,Santai,Tidak,"Burger, Steak, Pizza, Pasta, Fish and Chips, Caesar Salad, French Fries, Chicken Wings, Grilled Cheese Sandwich, Tacos, Lasagna, Ribs, Nachos, Mac and Cheese, Quesadilla, Hot Dog, Meatloaf, Buffalo Wings, Chicken Parmesan, Clam Chowder, Snacks, Fast food",Tidak,4,3,Disajikan,Ala Carte
"Pawon Mbokdis, Mantrigawen Lor",Japanese,2.28 km,20000,4.6,Santai,Tidak,"Aneka nasi, Bakmie, Dimsum, Bebek Peking, Cow Mein, Wonton Soup, nasi hainan, Spring Rolls, Lo Mein, Congee, Bakpao, Lumpia, Capcay, Kwetiau, Fuyunghai, Sapo Tahu,  Bakmi, Ayam Kungpao, Angsio Tahu, Ayam Koloke, Siomay, I Fu Mie, nasi goreng seafood chinese",Tidak,4,2,Disajikan,Ala Carte
"Rm & Seafood 99, Sorowajan",Chinese,2.91 km,22000,4.2,Santai,Ya,"Aneka nasi, Bakmie, Dimsum, Bebek Peking, Cow Mein, Wonton Soup, nasi hainan, Spring Rolls, Lo Mein, Congee, Bakpao, Lumpia, Capcay, Kwetiau, Fuyunghai, Sapo Tahu,  Bakmi, Ayam Kungpao, Angsio Tahu, Ayam Koloke, Siomay, I Fu Mie, nasi goreng seafood chinese",Tidak,2,2,Disajikan,Ala Carte
"Pecel Lele, Rawon Dan Soto Lamongan Yuk In, Giwangan, Umbulharjo",Indonesia,1.38 km,15000,3.9,Santai,Tidak,"Aneka nasi, Bakso, Soto",Tidak,3,2,Disajikan,Ala Carte
"Ayam Geprek DBC, Beskalan",Indonesia,3.01 km,21000,4.7,Santai,Tidak,"Aneka nasi, Bakso, Soto, Ayam & bebek, Minuman",Tidak,1,1,Disajikan,Ala Carte
"Nasi Goreng & Halal Chinesefood MakJoss, Rumah Pagar Biru Salon Yuli",Chinese,0.72 km,25000,4.5,Santai,Ya,"Aneka nasi, Dimsum, Bebek Peking, Cow Mein, Wonton Soup, nasi hainan, Spring Rolls, Lo Mein, Congee, Bakpao, Lumpia, Capcay, Kwetiau, Fuyunghai, Sapo Tahu,  Bakmi, Ayam Kungpao, Angsio Tahu, Ayam Koloke, Siomay, I Fu Mie, nasi goreng seafood chinese, Bakmie",Tidak,2,2,Disajikan,Ala Carte
"Soto Ayam 61, Gondomanan",Indonesia,3.01 km,19000,4.5,Santai,Tidak,"Ayam & bebek, Bakso, Soto",Tidak,4,1,Disajikan,Ala Carte
"Seblak Mang Cepot & Baso Aci Hoax, Umbulharjo",Indonesia,0.53 km,19000,4.6,Santai,Ya,"Ayam & bebek, Bakso, Soto, Cepat saji",Tidak,3,3,Disajikan,Ala Carte
"Buttersweet, Saman Utara",Western,3.14 km,20000,3.9,Santai,Tidak,"Bakery, Beverages, Burger, Steak, Pizza, Pasta, Fish and Chips, Caesar Salad, French Fries, Chicken Wings, Grilled Cheese Sandwich, Tacos, Lasagna, Ribs, Nachos, Mac and Cheese, Quesadilla, Hot Dog, Meatloaf, Buffalo Wings, Chicken Parmesan, Clam Chowder",Tidak,3,3,Disajikan,Ala Carte
"Bakso Lontong Djeng Thathit, Suryodiningratan",Indonesia,3.06 km,16000,4,Santai,Tidak,"Bakso, Soto",Tidak,4,3,Disajikan,Ala Carte
"Bakso Urat Arema Soringin, Langensari",Indonesia,3.02 km,19000,4.4,Santai,Tidak,"Bakso, Soto",Tidak,3,2,Disajikan,Ala Carte
"Bakso Urat Cak Ari, Mataram",Indonesia,3.1 km,20000,4.5,Santai,Tidak,"Bakso, Soto",Tidak,4,2,Disajikan,Ala Carte
"Soto Daging Lamongan Cak Ngun, Jl. Veteran No 212 Umbulharjo",Indonesia,0.43 km,24000,4.5,Santai,Tidak,"Bakso, Soto",Tidak,2,2,Disajikan,Ala Carte
"Agenda Resto & Vibes, Arkadia",Western,2.04 km,48000,4.3,Santai,Tidak,"Beverages, Pizza & pasta, Burger, Steak, Pizza, Pasta, Fish and Chips, Caesar Salad, French Fries, Chicken Wings, Grilled Cheese Sandwich, Tacos, Lasagna, Ribs, Nachos, Mac and Cheese, Quesadilla, Hot Dog, Meatloaf, Buffalo Wings, Chicken Parmesan, Clam Chowder",Tidak,1,2,Disajikan,Ala Carte
Raja Sate & Soto,Indonesia,0.76 km,27000,4.9,Santai,Tidak,"Cepat saji, Sate, Bakso, Soto",Tidak,1,2,Disajikan,Ala Carte
CHICKATS,Japanese,6.4 km,25000,4.7,Santai,Tidak,"Chicken & duck, Rice, Sushi, Sashimi, Tempura, Ramen, Udon, Soba, Okonomiyaki, Takoyaki, Tonkatsu, Yakitori, Gyoza, Onigiri, Miso Soup, Nabe, Shabu-Shabu, Sukiyaki, Teriyaki, Unagi, Tamagoyaki, Mochi",Tidak,3,1,Disajikan,Ala Carte
Chinese Food / Sea Food Kondang,Chinese,2.33 km,31000,4.8,Santai,Tidak,"Dimsum, Bebek Peking, Cow Mein, Wonton Soup, nasi hainan, Spring Rolls, Lo Mein, Congee, Bakpao, Lumpia, Capcay, Kwetiau, Fuyunghai, Sapo Tahu,  Bakmi, Ayam Kungpao, Angsio Tahu, Ayam Koloke, Siomay, I Fu Mie, nasi goreng seafood chinese, Ayam & bebek, Seafood",Tidak,4,2,Disajikan,Ala Carte
Suguhand Cafe,Western,3.35 km,111000,4.4,Santai,Tidak,"Coffee, Burger, Steak, Pizza, Pasta, Fish and Chips, Caesar Salad, French Fries, Chicken Wings, Grilled Cheese Sandwich, Tacos, Lasagna, Ribs, Nachos, Mac and Cheese, Quesadilla, Hot Dog, Meatloaf, Buffalo Wings, Chicken Parmesan, Clam Chowder, Pizza & pasta",Tidak,3,2,Disajikan,Ala Carte
"HokBen, Kaliurang",Japanese,6.13 km,49000,4.8,Formal,Tidak,"Fast food, Sushi, Sashimi, Tempura, Ramen, Udon, Soba, Okonomiyaki, Takoyaki, Tonkatsu, Yakitori, Gyoza, Onigiri, Miso Soup, Nabe, Shabu-Shabu, Sukiyaki, Teriyaki, Unagi, Tamagoyaki, Mochi",Tidak,2,3,Disajikan,Ala Carte
"Pop Mart, Laksda Adi Sucipto (Korner)",Western,4.04 km,22000,4.7,Santai,Tidak,"Fast food, Burger, Steak, Pizza, Pasta, Fish and Chips, Caesar Salad, French Fries, Chicken Wings, Grilled Cheese Sandwich, Tacos, Lasagna, Ribs, Nachos, Mac and Cheese, Quesadilla, Hot Dog, Meatloaf, Buffalo Wings, Chicken Parmesan, Clam Chowder, Coffee",Tidak,1,1,Disajikan,Ala Carte
"Tahu Walik & Soto Warisan, Masjid Umbulharjo",Indonesia,0.53 km,19000,4.6,Santai,Tidak,"Jajanan, Cepat saji, Bakso, Soto",Tidak,3,2,Disajikan,Ala Carte
"HokBen Kitchen, Brontokusuman Parangtritis",Japanese,2.29 km,49000,4.8,Formal,Tidak,"Sushi, Sashimi, Tempura, Ramen, Udon, Soba, Okonomiyaki, Takoyaki, Tonkatsu, Yakitori, Gyoza, Onigiri, Miso Soup, Nabe, Shabu-Shabu, Sukiyaki, Teriyaki, Unagi, Tamagoyaki, Mochi., Fast food",Tidak,4,1,Disajikan,Ala Carte
"Hakata Ikkousha, Demangan Baru",Japanese,3.92 km,80000,4.7,Formal,Tidak,"Sushi, Sashimi, Tempura, Ramen, Udon, Soba, Okonomiyaki, Takoyaki, Tonkatsu, Yakitori, Gyoza, Onigiri, Miso Soup, Nabe, Shabu-Shabu, Sukiyaki, Teriyaki, Unagi, Tamagoyaki, Mochi., Noodles",Tidak,2,3,Disajikan,Ala Carte
"Tanoshii Sushi, Pogung Dalangan",Japanese,6.4 km,58000,4.7,Santai,Ya,"Sushi, Sashimi, Tempura, Ramen, Udon, Soba, Okonomiyaki, Takoyaki, Tonkatsu, Yakitori, Gyoza, Onigiri, Miso Soup, Nabe, Shabu-Shabu, Sukiyaki, Teriyaki, Unagi, Tamagoyaki, Mochi., Rice, Korean, Snacks, Fast food",Tidak,3,2,Disajikan,Ala Carte
"Pizza Hut, Sudirman",Western,3.68 km,119000,4.7,Formal,Tidak,"Pizza & pasta, Fast food, Burger, Steak, Pizza, Pasta, Fish and Chips, Caesar Salad, French Fries, Chicken Wings, Grilled Cheese Sandwich, Tacos, Lasagna, Ribs, Nachos, Mac and Cheese, Quesadilla, Hot Dog, Meatloaf, Buffalo Wings, Chicken Parmesan, Clam Chowder",Tidak,3,3,Disajikan,Ala Carte
"Roaster and Bear, P. Mangkubumi",Western,3.87 km,87000,4.7,Santai,Tidak,"Rice, Chicken & duck, Beverages, Snacks, Sweets, Burger, Steak, Pizza, Pasta, Fish and Chips, Caesar Salad, French Fries, Chicken Wings, Grilled Cheese Sandwich, Tacos, Lasagna, Ribs, Nachos, Mac and Cheese, Quesadilla, Hot Dog, Meatloaf, Buffalo Wings, Chicken Parmesan, Clam Chowder, Coffee, Pizza & pasta",Tidak,3,1,Disajikan,Ala Carte
"Essen Choco Pot, Gedong Kuning",Western,1.8 km,35000,4.7,Santai,Tidak,"Rice, Burger, Steak, Pizza, Pasta, Fish and Chips, Caesar Salad, French Fries, Chicken Wings, Grilled Cheese Sandwich, Tacos, Lasagna, Ribs, Nachos, Mac and Cheese, Quesadilla, Hot Dog, Meatloaf, Buffalo Wings, Chicken Parmesan, Clam Chowder, Beverages",Tidak,4,2,Disajikan,Ala Carte
"Zona Seafood, Kotabaru",Chinese,3.24 km,44000,4.8,Santai,Tidak,"Seafood, Dimsum, Bebek Peking, Cow Mein, Wonton Soup, nasi hainan, Spring Rolls, Lo Mein, Congee, Bakpao, Lumpia, Capcay, Kwetiau, Fuyunghai, Sapo Tahu,  Bakmi, Ayam Kungpao, Angsio Tahu, Ayam Koloke, Siomay, I Fu Mie, nasi goreng seafood chinese",Tidak,3,3,Disajikan,Ala Carte
Burgerax Demangan 2,Western,3.57 km,38000,4.2,Santai,Tidak,"Snacks, Fast food, Burger, Steak, Pizza, Pasta, Fish and Chips, Caesar Salad, French Fries, Chicken Wings, Grilled Cheese Sandwich, Tacos, Lasagna, Ribs, Nachos, Mac and Cheese, Quesadilla, Hot Dog, Meatloaf, Buffalo Wings, Chicken Parmesan, Clam Chowder",Tidak,4,3,Disajikan,Ala Carte
"Makan Burger & Toast, Mantrirejon",Western,3.01 km,21000,4.6,Santai,Tidak,"Burger, Steak, Pizza, Pasta, Fish and Chips, Caesar Salad, French Fries, Chicken Wings, Grilled Cheese Sandwich, Tacos, Lasagna, Ribs, Nachos, Mac and Cheese, Quesadilla, Hot Dog, Meatloaf, Buffalo Wings, Chicken Parmesan, Clam Chowder",Tidak,1,2,Disajikan,Ala Carte
"Reisban Coffee Shop, Menukan",Western,2.13 km,25000,4.7,Santai,Tidak,"Burger, Steak, Pizza, Pasta, Fish and Chips, Caesar Salad, French Fries, Chicken Wings, Grilled Cheese Sandwich, Tacos, Lasagna, Ribs, Nachos, Mac and Cheese, Quesadilla, Hot Dog, Meatloaf, Buffalo Wings, Chicken Parmesan, Clam Chowder, Coffee, Beverages",Tidak,1,1,Disajikan,Ala Carte
"Pupa Meatshop, Banguntapan",Western,2.58 km,47000,4.8,Santai,Ya,"Burger, Steak, Pizza, Pasta, Fish and Chips, Caesar Salad, French Fries, Chicken Wings, Grilled Cheese Sandwich, Tacos, Lasagna, Ribs, Nachos, Mac and Cheese, Quesadilla, Hot Dog, Meatloaf, Buffalo Wings, Chicken Parmesan, Clam Chowder, Sushi, Sashimi, Tempura, Ramen, Udon, Soba, Okonomiyaki, Takoyaki, Tonkatsu, Yakitori, Gyoza, Onigiri, Miso Soup, Nabe, Shabu-Shabu, Sukiyaki, Teriyaki, Unagi, Tamagoyaki, Mochi, Korean",Tidak,1,2,Disajikan,Ala Carte
"Pupa Meatshop, Prawirotaman",Western,2.19 km,47000,4.9,Santai,Ya,"Burger, Steak, Pizza, Pasta, Fish and Chips, Caesar Salad, French Fries, Chicken Wings, Grilled Cheese Sandwich, Tacos, Lasagna, Ribs, Nachos, Mac and Cheese, Quesadilla, Hot Dog, Meatloaf, Buffalo Wings, Chicken Parmesan, Clam Chowder, Sushi, Sashimi, Tempura, Ramen, Udon, Soba, Okonomiyaki, Takoyaki, Tonkatsu, Yakitori, Gyoza, Onigiri, Miso Soup, Nabe, Shabu-Shabu, Sukiyaki, Teriyaki, Unagi, Tamagoyaki, Mochi, Korean",Tidak,3,1,Disajikan,Ala Carte
"Pepper Lunch, Hartono Mall",Japanese,6.02 km,92000,4.9,Formal,Ya,"Burger, Steak, Pizza, Pasta, Fish and Chips, Caesar Salad, French Fries, Chicken Wings, Grilled Cheese Sandwich, Tacos, Lasagna, Ribs, Nachos, Mac and Cheese, Quesadilla, Hot Dog, Meatloaf, Buffalo Wings, Chicken Parmesan, Clam Chowder, Sushi, Sashimi, Tempura, Ramen, Udon, Soba, Okonomiyaki, Takoyaki, Tonkatsu, Yakitori, Gyoza, Onigiri, Miso Soup, Nabe, Shabu-Shabu, Sukiyaki, Teriyaki, Unagi, Tamagoyaki, Mochi, Rice, Chicken & duck",Tidak,3,1,Disajikan,Ala Carte
"King Star Kebab, Nogorojo",Western,3.33 km,23000,4.5,Santai,Tidak,"Burger, Steak, Pizza, Pasta, Fish and Chips, Caesar Salad, French Fries, Chicken Wings, Grilled Cheese Sandwich, Tacos, Lasagna, Ribs, Nachos, Mac and Cheese, Quesadilla, Hot Dog, Meatloaf, Buffalo Wings, Chicken Parmesan, Clam Chowder, Snacks",Tidak,3,2,Disajikan,Ala Carte
"Yamie Panda, Kridosono",Chinese,3.04 km,28000,4.7,Santai,Ya,"Bakmie, Dimsum, Bebek Peking, Cow Mein, Wonton Soup, nasi hainan, Spring Rolls, Lo Mein, Congee, Bakpao, Lumpia, Capcay, Kwetiau, Fuyunghai, Sapo Tahu,  Bakmi, Ayam Kungpao, Angsio Tahu, Ayam Koloke, Siomay, I Fu Mie, nasi goreng seafood chinese",Ya,1,2,Disajikan,Ala Carte
"Warung Makan Bu Sri, Umbulharjo",Indonesia,1.1 km,13000,4.4,Santai,Tidak,"Aneka nasi, Ayam & bebek, Bakso, Soto",Tidak,1,3,Disajikan,Ala Carte
"Rumah Makan Terang Mulyo, Katamso",Chinese,2.07 km,42000,4.8,Santai,Ya,"Aneka nasi, Bakmie, Dimsum, Bebek Peking, Cow Mein, Wonton Soup, nasi hainan, Spring Rolls, Lo Mein, Congee, Bakpao, Lumpia, Capcay, Kwetiau, Fuyunghai, Sapo Tahu,  Bakmi, Ayam Kungpao, Angsio Tahu, Ayam Koloke, Siomay, I Fu Mie, nasi goreng seafood chinese",Tidak,4,3,Disajikan,Ala Carte
SGPC Sop Penyetan Bu Wiryo Cendana,Indonesia,1.49 km,18000,4.8,Santai,Tidak,"Aneka nasi, Bakso, Soto",Tidak,3,3,Disajikan,Ala Carte
"Berkah Abadi, Pasar Kranggan",Chinese,4.13 km,28000,4.2,Santai,Tidak,"Ayam & bebek, Dimsum, Bebek Peking, Cow Mein, Wonton Soup, nasi hainan, Spring Rolls, Lo Mein, Congee, Bakpao, Lumpia, Capcay, Kwetiau, Fuyunghai, Sapo Tahu,  Bakmi, Ayam Kungpao, Angsio Tahu, Ayam Koloke, Siomay, I Fu Mie, nasi goreng seafood chinese",Tidak,1,2,Disajikan,Ala Carte
"Mie Ayam Dan Bakso Babaran, Umbulharjo",Indonesia,0.29 km,17000,4.5,Santai,Tidak,"Bakmie, Bakso, Soto",Tidak,3,2,Disajikan,Ala Carte
Yamie Singkawang,Chinese,2.08 km,45000,4.7,Santai,Tidak,"Bakmie, Dimsum, Bebek Peking, Cow Mein, Wonton Soup, nasi hainan, Spring Rolls, Lo Mein, Congee, Bakpao, Lumpia, Capcay, Kwetiau, Fuyunghai, Sapo Tahu,  Bakmi, Ayam Kungpao, Angsio Tahu, Ayam Koloke, Siomay, I Fu Mie, nasi goreng seafood chinese",Tidak,4,3,Disajikan,Ala Carte
"Easy Peasy Kitchen, Prawirotaman",Western,1.94 km,43000,4.8,Santai,Tidak,"Beverages, Burger, Steak, Pizza, Pasta, Fish and Chips, Caesar Salad, French Fries, Chicken Wings, Grilled Cheese Sandwich, Tacos, Lasagna, Ribs, Nachos, Mac and Cheese, Quesadilla, Hot Dog, Meatloaf, Buffalo Wings, Chicken Parmesan, Clam Chowder",Tidak,3,2,Disajikan,Ala Carte
"Kiwae Ayam Kekinian, Nologaten",Western,4.29 km,30000,4.8,Santai,Ya,"Chicken & duck, Korean, Burger, Steak, Pizza, Pasta, Fish and Chips, Caesar Salad, French Fries, Chicken Wings, Grilled Cheese Sandwich, Tacos, Lasagna, Ribs, Nachos, Mac and Cheese, Quesadilla, Hot Dog, Meatloaf, Buffalo Wings, Chicken Parmesan, Clam Chowder",Tidak,2,1,Disajikan,Ala Carte
"Pepper Lunch, Plaza Ambarrukmo",Japanese,3.72 km,92000,4.6,Formal,Ya,"Chicken & duck, Rice, Sushi, Sashimi, Tempura, Ramen, Udon, Soba, Okonomiyaki, Takoyaki, Tonkatsu, Yakitori, Gyoza, Onigiri, Miso Soup, Nabe, Shabu-Shabu, Sukiyaki, Teriyaki, Unagi, Tamagoyaki, Mochi",Tidak,4,3,Disajikan,Ala Carte
Makmur Spesial B2 Food,Chinese,4.04 km,31000,4.6,Santai,Ya,"Dimsum, Bebek Peking, Cow Mein, Wonton Soup, nasi hainan, Spring Rolls, Lo Mein, Congee, Bakpao, Lumpia, Capcay, Kwetiau, Fuyunghai, Sapo Tahu,  Bakmi, Ayam Kungpao, Angsio Tahu, Ayam Koloke, Siomay, I Fu Mie, nasi goreng seafood chinese, Aneka nasi, Bakmie",Tidak,4,1,Disajikan,Ala Carte
"Rice&Steak, Ngipik, Potorono, Banguntapan, Bantul",Chinese,4.18 km,27000,4.5,Santai,Ya,"Fast food, Dimsum, Bebek Peking, Cow Mein, Wonton Soup, nasi hainan, Spring Rolls, Lo Mein, Congee, Bakpao, Lumpia, Capcay, Kwetiau, Fuyunghai, Sapo Tahu,  Bakmi, Ayam Kungpao, Angsio Tahu, Ayam Koloke, Siomay, I Fu Mie, nasi goreng seafood chinese, Burger, Steak, Pizza, Pasta, Fish and Chips, Caesar Salad, French Fries, Chicken Wings, Grilled Cheese Sandwich, Tacos, Lasagna, Ribs, Nachos, Mac and Cheese, Quesadilla, Hot Dog, Meatloaf, Buffalo Wings, Chicken Parmesan, Clam Chowder",Tidak,4,2,Disajikan,Ala Carte
"Japanese Town Snack, Matrijeron",Japanese,3.78 km,27000,4.4,Santai,Tidak,"Fast food, Sushi, Sashimi, Tempura, Ramen, Udon, Soba, Okonomiyaki, Takoyaki, Tonkatsu, Yakitori, Gyoza, Onigiri, Miso Soup, Nabe, Shabu-Shabu, Sukiyaki, Teriyaki, Unagi, Tamagoyaki, Mochi, Snacks",Tidak,2,3,Disajikan,Ala Carte
"Seblak Asgar, Lowanu",Indonesia,1.42 km,33000,4.5,Santai,Tidak,"Jajanan, Bakso, Soto",Tidak,4,2,Disajikan,Ala Carte
"Tora Tora, Kaliurang",Japanese,5.24 km,28000,4.6,Santai,Ya,"Sushi, Sashimi, Tempura, Ramen, Udon, Soba, Okonomiyaki, Takoyaki, Tonkatsu, Yakitori, Gyoza, Onigiri, Miso Soup, Nabe, Shabu-Shabu, Sukiyaki, Teriyaki, Unagi, Tamagoyaki, Mochi., Rice",Tidak,3,2,Disajikan,Ala Carte
"Jajan Fast Food, Sisingamangaraja",Western,1.69 km,18000,4.4,Santai,Tidak,"Rice, Fast food, Burger, Steak, Pizza, Pasta, Fish and Chips, Caesar Salad, French Fries, Chicken Wings, Grilled Cheese Sandwich, Tacos, Lasagna, Ribs, Nachos, Mac and Cheese, Quesadilla, Hot Dog, Meatloaf, Buffalo Wings, Chicken Parmesan, Clam Chowder",Tidak,3,3,Disajikan,Ala Carte
"Sate Taichan Hitz, Gejayan",Japanese,3.63 km,32000,4.6,Santai,Tidak,"Snacks, Sushi, Sashimi, Tempura, Ramen, Udon, Soba, Okonomiyaki, Takoyaki, Tonkatsu, Yakitori, Gyoza, Onigiri, Miso Soup, Nabe, Shabu-Shabu, Sukiyaki, Teriyaki, Unagi, Tamagoyaki, Mochi, Sate",Tidak,2,3,Disajikan,Ala Carte
"Kebab Turki Babarafi, Babarsari",Western,4.55 km,23000,4.2,Santai,Tidak,"Snacks, Burger, Steak, Pizza, Pasta, Fish and Chips, Caesar Salad, French Fries, Chicken Wings, Grilled Cheese Sandwich, Tacos, Lasagna, Ribs, Nachos, Mac and Cheese, Quesadilla, Hot Dog, Meatloaf, Buffalo Wings, Chicken Parmesan, Clam Chowder",Tidak,4,3,Disajikan,Ala Carte
"Boom Burger, Seturan",Western,4.56 km,37000,4.7,Santai,Tidak,"Burger, Steak, Pizza, Pasta, Fish and Chips, Caesar Salad, French Fries, Chicken Wings, Grilled Cheese Sandwich, Tacos, Lasagna, Ribs, Nachos, Mac and Cheese, Quesadilla, Hot Dog, Meatloaf, Buffalo Wings, Chicken Parmesan, Clam Chowder",Tidak,4,3,Disajikan,Ala Carte
"Dang! Burger, Glagah Sari",Western,0.26 km,29000,4.6,Santai,Tidak,"Burger, Steak, Pizza, Pasta, Fish and Chips, Caesar Salad, French Fries, Chicken Wings, Grilled Cheese Sandwich, Tacos, Lasagna, Ribs, Nachos, Mac and Cheese, Quesadilla, Hot Dog, Meatloaf, Buffalo Wings, Chicken Parmesan, Clam Chowder",Tidak,2,3,Disajikan,Ala Carte
"Burger Bangor Express, Taman Siswa",Western,1.4 km,40000,4.7,Santai,Tidak,"Burger, Steak, Pizza, Pasta, Fish and Chips, Caesar Salad, French Fries, Chicken Wings, Grilled Cheese Sandwich, Tacos, Lasagna, Ribs, Nachos, Mac and Cheese, Quesadilla, Hot Dog, Meatloaf, Buffalo Wings, Chicken Parmesan, Clam Chowder, Fast food, Chicken & duck",Tidak,2,3,Disajikan,Ala Carte
"Yamie Panda, Timoho",Chinese,1.91 km,28000,4.7,Santai,Ya,"Bakmie, Bakso, Soto, Dimsum, Bebek Peking, Cow Mein, Wonton Soup, nasi hainan, Spring Rolls, Lo Mein, Congee, Bakpao, Lumpia, Capcay, Kwetiau, Fuyunghai, Sapo Tahu,  Bakmi, Ayam Kungpao, Angsio Tahu, Ayam Koloke, Siomay, I Fu Mie, nasi goreng seafood chinese",Ya,3,3,Disajikan,Ala Carte
"Cak No Chinese Food, Jogoyudan",Chinese,3.72 km,25000,4.7,Santai,Ya,"Aneka nasi, Bakmie, Dimsum, Bebek Peking, Cow Mein, Wonton Soup, nasi hainan, Spring Rolls, Lo Mein, Congee, Bakpao, Lumpia, Capcay, Kwetiau, Fuyunghai, Sapo Tahu,  Bakmi, Ayam Kungpao, Angsio Tahu, Ayam Koloke, Siomay, I Fu Mie, nasi goreng seafood chinese",Tidak,3,1,Disajikan,Ala Carte
Warung Sop Iga Dan Soto Betawi Bu Tya,Indonesia,1.08 km,28000,4.5,Santai,Tidak,"Aneka nasi, Bakso, Soto",Tidak,3,3,Disajikan,Ala Carte
"Bakso dan Mie Ayam Muncul, Jl. Nyi Wiji Adhisoro",Indonesia,0.86 km,14000,4.5,Santai,Tidak,"Bakso, Soto",Tidak,1,3,Disajikan,Ala Carte
"Sop Ayam Pak Min Klaten, Taman Siswa",Indonesia,1.23 km,20000,4.7,Santai,Ya,"Bakso, Soto, Ayam & bebek, Aneka nasi",Tidak,2,3,Disajikan,Ala Carte
"Warung Makan Bu Week, Tegalturi",Indonesia,1.37 km,15000,4.3,Santai,Tidak,"Bakso, Soto, Minuman",Tidak,4,3,Disajikan,Ala Carte
"DF HEALTHY KITCHEN (DF FIT CLUB), Yk",Western,3.64 km,76000,4.9,Santai,Tidak,"Beverages, Rice, Burger, Steak, Pizza, Pasta, Fish and Chips, Caesar Salad, French Fries, Chicken Wings, Grilled Cheese Sandwich, Tacos, Lasagna, Ribs, Nachos, Mac and Cheese, Quesadilla, Hot Dog, Meatloaf, Buffalo Wings, Chicken Parmesan, Clam Chowder",Tidak,3,1,Disajikan,Ala Carte
"Ono Dimsum, Baciro",Japanese,2.35 km,17000,4.6,Santai,Tidak,"Dimsum, Bebek Peking, Cow Mein, Wonton Soup, nasi hainan, Spring Rolls, Lo Mein, Congee, Bakpao, Lumpia, Capcay, Kwetiau, Fuyunghai, Sapo Tahu,  Bakmi, Ayam Kungpao, Angsio Tahu, Ayam Koloke, Siomay, I Fu Mie, nasi goreng seafood chinese, Jajanan",Tidak,4,2,Disajikan,Ala Carte
"Sushiruma, Babarsari",Japanese,5.43 km,30000,4.6,Santai,Ya,"Sushi, Sashimi, Tempura, Ramen, Udon, Soba, Okonomiyaki, Takoyaki, Tonkatsu, Yakitori, Gyoza, Onigiri, Miso Soup, Nabe, Shabu-Shabu, Sukiyaki, Teriyaki, Unagi, Tamagoyaki, Mochi.",Tidak,4,2,Disajikan,Ala Carte
"Hokben Kitchen, Seturan Jogja",Japanese,5.5 km,49000,4.8,Formal,Tidak,"Sushi, Sashimi, Tempura, Ramen, Udon, Soba, Okonomiyaki, Takoyaki, Tonkatsu, Yakitori, Gyoza, Onigiri, Miso Soup, Nabe, Shabu-Shabu, Sukiyaki, Teriyaki, Unagi, Tamagoyaki, Mochi., Fast food",Tidak,1,1,Disajikan,Ala Carte
"Tom Sushi, Hartono Mall Jogja",Japanese,6.03 km,56000,4.7,Formal,Tidak,"Sushi, Sashimi, Tempura, Ramen, Udon, Soba, Okonomiyaki, Takoyaki, Tonkatsu, Yakitori, Gyoza, Onigiri, Miso Soup, Nabe, Shabu-Shabu, Sukiyaki, Teriyaki, Unagi, Tamagoyaki, Mochi., Fast food",Tidak,3,1,Disajikan,Ala Carte
"Banzai, Mergangsan",Japanese,1.2 km,45000,4.8,Formal,Tidak,"Sushi, Sashimi, Tempura, Ramen, Udon, Soba, Okonomiyaki, Takoyaki, Tonkatsu, Yakitori, Gyoza, Onigiri, Miso Soup, Nabe, Shabu-Shabu, Sukiyaki, Teriyaki, Unagi, Tamagoyaki, Mochi., Fast food, Rice",Tidak,3,1,Disajikan,Ala Carte
"RamenYa!, Plaza Ambarrukmo",Japanese,3.71 km,73000,4.6,Santai,Tidak,"Sushi, Sashimi, Tempura, Ramen, Udon, Soba, Okonomiyaki, Takoyaki, Tonkatsu, Yakitori, Gyoza, Onigiri, Miso Soup, Nabe, Shabu-Shabu, Sukiyaki, Teriyaki, Unagi, Tamagoyaki, Mochi., Rice, Noodles",Tidak,2,3,Disajikan,Ala Carte
"Pizza Hut, Adi Sucipto Jogja",Western,3.99 km,119000,4.7,Formal,Tidak,"Pizza & pasta, Fast food, Burger, Steak, Pizza, Pasta, Fish and Chips, Caesar Salad, French Fries, Chicken Wings, Grilled Cheese Sandwich, Tacos, Lasagna, Ribs, Nachos, Mac and Cheese, Quesadilla, Hot Dog, Meatloaf, Buffalo Wings, Chicken Parmesan, Clam Chowder",Tidak,3,1,Disajikan,Ala Carte
"Pizza Hut, Sultan Agung Yogyakarta",Western,1.49 km,119000,4.7,Formal,Tidak,"Pizza & pasta, Fast food, Burger, Steak, Pizza, Pasta, Fish and Chips, Caesar Salad, French Fries, Chicken Wings, Grilled Cheese Sandwich, Tacos, Lasagna, Ribs, Nachos, Mac and Cheese, Quesadilla, Hot Dog, Meatloaf, Buffalo Wings, Chicken Parmesan, Clam Chowder",Tidak,1,1,Disajikan,Ala Carte
"Picnic! Pata X Sausage Tamansiswa, Jl. Tamansiswa No.49 Yogya",Western,1.24 km,29000,4.3,Santai,Tidak,"Pizza & pasta, Snacks, Burger, Steak, Pizza, Pasta, Fish and Chips, Caesar Salad, French Fries, Chicken Wings, Grilled Cheese Sandwich, Tacos, Lasagna, Ribs, Nachos, Mac and Cheese, Quesadilla, Hot Dog, Meatloaf, Buffalo Wings, Chicken Parmesan, Clam Chowder",Tidak,1,1,Disajikan,Ala Carte
"Rumah Makan Tio Asli Ciu Chinese Food & Sea Food, Jetis",Chinese,3.84 km,120000,4.5,Santai,Tidak,"Seafood, Bakmie, Dimsum, Bebek Peking, Cow Mein, Wonton Soup, nasi hainan, Spring Rolls, Lo Mein, Congee, Bakpao, Lumpia, Capcay, Kwetiau, Fuyunghai, Sapo Tahu,  Bakmi, Ayam Kungpao, Angsio Tahu, Ayam Koloke, Siomay, I Fu Mie, nasi goreng seafood chinese",Tidak,4,2,Disajikan,Ala Carte
"Manalagi KQ 5, Ngampilan",Chinese,3.7 km,26000,4.7,Santai,Tidak,"Seafood, Dimsum, Bebek Peking, Cow Mein, Wonton Soup, nasi hainan, Spring Rolls, Lo Mein, Congee, Bakpao, Lumpia, Capcay, Kwetiau, Fuyunghai, Sapo Tahu,  Bakmi, Ayam Kungpao, Angsio Tahu, Ayam Koloke, Siomay, I Fu Mie, nasi goreng seafood chinese",Tidak,1,2,Disajikan,Ala Carte
"Lawson Shop, Tegalrejo",Japanese,4.43 km,44000,4,Formal,Tidak,"Snacks, Beverages, Sushi, Sashimi, Tempura, Ramen, Udon, Soba, Okonomiyaki, Takoyaki, Tonkatsu, Yakitori, Gyoza, Onigiri, Miso Soup, Nabe, Shabu-Shabu, Sukiyaki, Teriyaki, Unagi, Tamagoyaki, Mochi, Coffee, Korean",Tidak,3,3,Disajikan,Ala Carte
"Burgerax, Glagahsari",Western,1.17 km,38000,4.2,Santai,Tidak,"Snacks, Burger, Steak, Pizza, Pasta, Fish and Chips, Caesar Salad, French Fries, Chicken Wings, Grilled Cheese Sandwich, Tacos, Lasagna, Ribs, Nachos, Mac and Cheese, Quesadilla, Hot Dog, Meatloaf, Buffalo Wings, Chicken Parmesan, Clam Chowder",Tidak,2,3,Disajikan,Ala Carte
"Ini Baru Rajanya Steak, Banguntapan",Western,2.1 km,35000,4.6,Formal,Tidak,"Burger, Steak, Pizza, Pasta, Fish and Chips, Caesar Salad, French Fries, Chicken Wings, Grilled Cheese Sandwich, Tacos, Lasagna, Ribs, Nachos, Mac and Cheese, Quesadilla, Hot Dog, Meatloaf, Buffalo Wings, Chicken Parmesan, Clam Chowder",Tidak,1,3,Disajikan,Ala Carte
"Burger Bangor Express, Janti",Western,2.4 km,40000,4.7,Santai,Tidak,"Burger, Steak, Pizza, Pasta, Fish and Chips, Caesar Salad, French Fries, Chicken Wings, Grilled Cheese Sandwich, Tacos, Lasagna, Ribs, Nachos, Mac and Cheese, Quesadilla, Hot Dog, Meatloaf, Buffalo Wings, Chicken Parmesan, Clam Chowder, Fast food, Chicken & duck",Tidak,4,3,Disajikan,Ala Carte
"Black Kebab, Wirobrajan",Middle Eastern,4.39 km,23000,4.4,Santai,Tidak,"Burger, Steak, Pizza, Pasta, Fish and Chips, Caesar Salad, French Fries, Chicken Wings, Grilled Cheese Sandwich, Tacos, Lasagna, Ribs, Nachos, Mac and Cheese, Quesadilla, Hot Dog, Meatloaf, Buffalo Wings, Chicken Parmesan, Clam Chowder,  Hummus, Falafel, Shawarma, Kebabs, Tabouleh, Baba Ganoush, Fattoush, Manakeesh, Labneh, Mutabbal, Dolma, Kofta, Mujadara, Shakshuka, Knafeh, Baklava, Meze, Sambousek, Mahshi, Qatayef, Snacks",Tidak,3,1,Disajikan,Ala Carte
"Oz Resto & Cafe, Permata Demangan",Western,3.68 km,25000,4.7,Formal,Tidak,"Burger, Steak, Pizza, Pasta, Fish and Chips, Caesar Salad, French Fries, Chicken Wings, Grilled Cheese Sandwich, Tacos, Lasagna, Ribs, Nachos, Mac and Cheese, Quesadilla, Hot Dog, Meatloaf, Buffalo Wings, Chicken Parmesan, Clam Chowder, Pizza & pasta, Rice, Chicken & duck",Tidak,3,2,Disajikan,Ala Carte
"Twisted Noodle, Gondokusuman",Chinese,3.54 km,12000,4.6,Santai,Tidak,"Bakmie, Dimsum, Bebek Peking, Cow Mein, Wonton Soup, nasi hainan, Spring Rolls, Lo Mein, Congee, Bakpao, Lumpia, Capcay, Kwetiau, Fuyunghai, Sapo Tahu,  Bakmi, Ayam Kungpao, Angsio Tahu, Ayam Koloke, Siomay, I Fu Mie, nasi goreng seafood chinese",Ya,2,2,Disajikan,Ala Carte
"Yamie Panda, Demangan",Chinese,3.85 km,28000,4.7,Santai,Ya,"Bakmie, Dimsum, Bebek Peking, Cow Mein, Wonton Soup, nasi hainan, Spring Rolls, Lo Mein, Congee, Bakpao, Lumpia, Capcay, Kwetiau, Fuyunghai, Sapo Tahu,  Bakmi, Ayam Kungpao, Angsio Tahu, Ayam Koloke, Siomay, I Fu Mie, nasi goreng seafood chinese",Ya,2,2,Disajikan,Ala Carte
"RM Makmur Chinese Food, Sosromenduran",Chinese,3.66 km,40000,4.7,Santai,Tidak,"Aneka nasi, Bakmie, Dimsum, Bebek Peking, Cow Mein, Wonton Soup, nasi hainan, Spring Rolls, Lo Mein, Congee, Bakpao, Lumpia, Capcay, Kwetiau, Fuyunghai, Sapo Tahu,  Bakmi, Ayam Kungpao, Angsio Tahu, Ayam Koloke, Siomay, I Fu Mie, nasi goreng seafood chinese",Tidak,2,3,Disajikan,Ala Carte
"Brongkos Koyor dan Sop Buntut Mbak Ris, Balaikota",Indonesia,1.51 km,30000,4.7,Santai,Tidak,"Aneka nasi, Bakso, Soto, Seafood",Tidak,2,1,Disajikan,Ala Carte
Mie Ayam Goreng & Gado-gado Om Brewok,Indonesia,1.1 km,19000,4.6,Santai,Tidak,"Bakso, Soto, Bakmie, Bakso, Soto",Tidak,1,3,Disajikan,Ala Carte
"Bebek Peking dan Ayam Panggang Pak Gembul, Jl KH Ahmad Dahlan No 40",Chinese,3.16 km,45000,4.5,Santai,Tidak,"Ayam & bebek, Dimsum, Bebek Peking, Cow Mein, Wonton Soup, nasi hainan, Spring Rolls, Lo Mein, Congee, Bakpao, Lumpia, Capcay, Kwetiau, Fuyunghai, Sapo Tahu,  Bakmi, Ayam Kungpao, Angsio Tahu, Ayam Koloke, Siomay, I Fu Mie, nasi goreng seafood chinese, Aneka nasi",Tidak,1,2,Disajikan,Ala Carte
"Soto Pak Zaenal, Dr. Supomo",Indonesia,0.86 km,15000,4.7,Santai,Tidak,"Bakso, Soto",Tidak,2,1,Disajikan,Ala Carte
Bakso Lapangan Tembak Senayan - Cendana,Indonesia,1.52 km,42000,4.6,Santai,Tidak,"Bakso, Soto, Aneka nasi, Bakmie",Tidak,3,1,Disajikan,Ala Carte
"Soto Ayam Jadul Mak Yem, Sorogenen",Indonesia,1.43 km,10000,4.6,Santai,Tidak,"Bakso, Soto, Minuman",Tidak,1,3,Disajikan,Ala Carte
"Ayam Geprek & Rice Bowl Tobiko Mentai, Karangkajen",Japanese,1.94 km,23000,4.7,Santai,Tidak,"Chicken & duck, Sushi, Sashimi, Tempura, Ramen, Udon, Soba, Okonomiyaki, Takoyaki, Tonkatsu, Yakitori, Gyoza, Onigiri, Miso Soup, Nabe, Shabu-Shabu, Sukiyaki, Teriyaki, Unagi, Tamagoyaki, Mochi, Beverages",Tidak,1,3,Disajikan,Ala Carte
"Funkydak, Komplek Colombo",Western,3.83 km,58000,4.7,Santai,Tidak,"Chicken & duck, Burger, Steak, Pizza, Pasta, Fish and Chips, Caesar Salad, French Fries, Chicken Wings, Grilled Cheese Sandwich, Tacos, Lasagna, Ribs, Nachos, Mac and Cheese, Quesadilla, Hot Dog, Meatloaf, Buffalo Wings, Chicken Parmesan, Clam Chowder, Fast food",Tidak,4,3,Disajikan,Ala Carte
RM. Gajah jaya,Chinese,3.31 km,25000,4.6,Santai,Tidak,"Dimsum, Bebek Peking, Cow Mein, Wonton Soup, nasi hainan, Spring Rolls, Lo Mein, Congee, Bakpao, Lumpia, Capcay, Kwetiau, Fuyunghai, Sapo Tahu,  Bakmi, Ayam Kungpao, Angsio Tahu, Ayam Koloke, Siomay, I Fu Mie, nasi goreng seafood chinese",Tidak,1,1,Disajikan,Ala Carte
"Hore Steak Jogja, Jl. Cenderawasih 32b",Western,3.72 km,77000,4.1,Formal,Tidak,"Fast food, Beverages, Burger, Steak, Pizza, Pasta, Fish and Chips, Caesar Salad, French Fries, Chicken Wings, Grilled Cheese Sandwich, Tacos, Lasagna, Ribs, Nachos, Mac and Cheese, Quesadilla, Hot Dog, Meatloaf, Buffalo Wings, Chicken Parmesan, Clam Chowder",Tidak,2,3,Disajikan,Ala Carte
"Ichiban Sushi, Hartono Mall",Japanese,6.2 km,52000,4.7,Formal,Tidak,"Sushi, Sashimi, Tempura, Ramen, Udon, Soba, Okonomiyaki, Takoyaki, Tonkatsu, Yakitori, Gyoza, Onigiri, Miso Soup, Nabe, Shabu-Shabu, Sukiyaki, Teriyaki, Unagi, Tamagoyaki, Mochi.",Tidak,4,3,Disajikan,Ala Carte
"BOX MIE, Monjali",Japanese,5.2 km,24000,4.7,Santai,Tidak,"Sushi, Sashimi, Tempura, Ramen, Udon, Soba, Okonomiyaki, Takoyaki, Tonkatsu, Yakitori, Gyoza, Onigiri, Miso Soup, Nabe, Shabu-Shabu, Sukiyaki, Teriyaki, Unagi, Tamagoyaki, Mochi., Noodles, Korean",Tidak,4,2,Disajikan,Ala Carte
"Warung Makan Tokyo, Titik Maps Sabi Jogja",Japanese,4.06 km,17000,4.2,Santai,Ya,"Rice, Sushi, Sashimi, Tempura, Ramen, Udon, Soba, Okonomiyaki, Takoyaki, Tonkatsu, Yakitori, Gyoza, Onigiri, Miso Soup, Nabe, Shabu-Shabu, Sukiyaki, Teriyaki, Unagi, Tamagoyaki, Mochi, Seafood",Tidak,3,1,Disajikan,Ala Carte
"East Pork - #1 Sei Babi Kupang In Jogja, Ampel",Western,3.7 km,30000,4.7,Santai,Tidak,"Rice, Burger, Steak, Pizza, Pasta, Fish and Chips, Caesar Salad, French Fries, Chicken Wings, Grilled Cheese Sandwich, Tacos, Lasagna, Ribs, Nachos, Mac and Cheese, Quesadilla, Hot Dog, Meatloaf, Buffalo Wings, Chicken Parmesan, Clam Chowder, Sate",Tidak,2,1,Disajikan,Ala Carte
"Kebab Jawa, Sorogenen",Western,1.54 km,18000,4.5,Santai,Tidak,"Burger, Steak, Pizza, Pasta, Fish and Chips, Caesar Salad, French Fries, Chicken Wings, Grilled Cheese Sandwich, Tacos, Lasagna, Ribs, Nachos, Mac and Cheese, Quesadilla, Hot Dog, Meatloaf, Buffalo Wings, Chicken Parmesan, Clam Chowder",Tidak,4,2,Disajikan,Ala Carte
"Iten Kitchen, PazelKitchen Sudirman",Western,3.66 km,26000,4.2,Formal,Tidak,"Burger, Steak, Pizza, Pasta, Fish and Chips, Caesar Salad, French Fries, Chicken Wings, Grilled Cheese Sandwich, Tacos, Lasagna, Ribs, Nachos, Mac and Cheese, Quesadilla, Hot Dog, Meatloaf, Buffalo Wings, Chicken Parmesan, Clam Chowder, Pizza & pasta",Tidak,1,2,Disajikan,Ala Carte
Warung Toscana,Western,1.91 km,69000,4.6,Santai,Tidak,"Burger, Steak, Pizza, Pasta, Fish and Chips, Caesar Salad, French Fries, Chicken Wings, Grilled Cheese Sandwich, Tacos, Lasagna, Ribs, Nachos, Mac and Cheese, Quesadilla, Hot Dog, Meatloaf, Buffalo Wings, Chicken Parmesan, Clam Chowder, Pizza & pasta",Tidak,1,1,Disajikan,Ala Carte
"Kedai Zu Pa ( Zuppa Soup & Pasta ) Kotabaru, Juadi",Western,3.23 km,21000,4.7,Santai,Tidak,"Burger, Steak, Pizza, Pasta, Fish and Chips, Caesar Salad, French Fries, Chicken Wings, Grilled Cheese Sandwich, Tacos, Lasagna, Ribs, Nachos, Mac and Cheese, Quesadilla, Hot Dog, Meatloaf, Buffalo Wings, Chicken Parmesan, Clam Chowder, Snacks, Pizza & pasta",Tidak,1,2,Disajikan,Ala Carte
NABE COFFEE Soragan,Japanese,5.13 km,36000,4.8,Santai,Tidak,"Bakery, Sushi, Sashimi, Tempura, Ramen, Udon, Soba, Okonomiyaki, Takoyaki, Tonkatsu, Yakitori, Gyoza, Onigiri, Miso Soup, Nabe, Shabu-Shabu, Sukiyaki, Teriyaki, Unagi, Tamagoyaki, Mochi, Coffee",Tidak,3,2,Disajikan,Ala Carte
"Mie Jakarta Express, Galeria Mall",Chinese,3.46 km,48000,4.6,Santai,Tidak,"Dimsum, Bebek Peking, Cow Mein, Wonton Soup, nasi hainan, Spring Rolls, Lo Mein, Congee, Bakpao, Lumpia, Capcay, Kwetiau, Fuyunghai, Sapo Tahu,  Bakmi, Ayam Kungpao, Angsio Tahu, Ayam Koloke, Siomay, I Fu Mie, nasi goreng seafood chinese",Tidak,4,3,Disajikan,Ala Carte
Soto Ayam Pak Satar,Indonesia,0.31 km,13000,4.5,Santai,Tidak,"Bakso, Soto",Tidak,3,2,Disajikan,Ala Carte
"Mie Ayam Sae Raos, Jl Sidikan No. 71 Sorosutan",Indonesia,1.18 km,14000,4.2,Santai,Tidak,"Bakso, Soto, Bakmie",Tidak,1,2,Disajikan,Ala Carte
"Happy Juice & Soto Padang, Umbulharjo",Indonesia,0.77 km,18000,4.5,Santai,Tidak,"Bakso, Soto, Minuman",Tidak,1,2,Disajikan,Ala Carte
"Cerenti Restaurant, Hotel Grand Zuri",Western,3.63 km,66000,4.6,Formal,Tidak,"Barat, Pizza & pasta, Aneka nasi, Dimsum, Bebek Peking, Cow Mein, Wonton Soup, nasi hainan, Spring Rolls, Lo Mein, Congee, Bakpao, Lumpia, Capcay, Kwetiau, Fuyunghai, Sapo Tahu,  Bakmi, Ayam Kungpao, Angsio Tahu, Ayam Koloke, Siomay, I Fu Mie, nasi goreng seafood chinese",Tidak,1,2,Disajikan,Ala Carte
"Sushi Tei, Komplek Colombo",Japanese,3.76 km,100000,4.7,Formal,Tidak,"Beverages, Seafood, Sushi, Sashimi, Tempura, Ramen, Udon, Soba, Okonomiyaki, Takoyaki, Tonkatsu, Yakitori, Gyoza, Onigiri, Miso Soup, Nabe, Shabu-Shabu, Sukiyaki, Teriyaki, Unagi, Tamagoyaki, Mochi",Tidak,1,3,Disajikan,Ala Carte
"Bubur Ayam Kampung Hawila, Timoho",Chinese,1.94 km,25000,4.5,Santai,Tidak,"Cepat saji, Dimsum, Bebek Peking, Cow Mein, Wonton Soup, nasi hainan, Spring Rolls, Lo Mein, Congee, Bakpao, Lumpia, Capcay, Kwetiau, Fuyunghai, Sapo Tahu,  Bakmi, Ayam Kungpao, Angsio Tahu, Ayam Koloke, Siomay, I Fu Mie, nasi goreng seafood chinese, Aneka nasi",Tidak,4,3,Disajikan,Ala Carte
"Nasi Ayam d' Katsu, Rejodadi Sidorejo",Japanese,5.95 km,38000,4.7,Santai,Tidak,"Chicken & duck, Sushi, Sashimi, Tempura, Ramen, Udon, Soba, Okonomiyaki, Takoyaki, Tonkatsu, Yakitori, Gyoza, Onigiri, Miso Soup, Nabe, Shabu-Shabu, Sukiyaki, Teriyaki, Unagi, Tamagoyaki, Mochi, Rice",Tidak,1,3,Disajikan,Ala Carte
Kedai Liang Xin,Chinese,4.62 km,22000,4.7,Santai,Tidak,"Dimsum, Bebek Peking, Cow Mein, Wonton Soup, nasi hainan, Spring Rolls, Lo Mein, Congee, Bakpao, Lumpia, Capcay, Kwetiau, Fuyunghai, Sapo Tahu,  Bakmi, Ayam Kungpao, Angsio Tahu, Ayam Koloke, Siomay, I Fu Mie, nasi goreng seafood chinese, Sushi, Sashimi, Tempura, Ramen, Udon, Soba, Okonomiyaki, Takoyaki, Tonkatsu, Yakitori, Gyoza, Onigiri, Miso Soup, Nabe, Shabu-Shabu, Sukiyaki, Teriyaki, Unagi, Tamagoyaki, Mochi",Tidak,1,2,Disajikan,Ala Carte
"My Kopi-O! Indonesian Bistro, Sagan",Western,3.76 km,51000,4.8,Santai,Tidak,"Coffee, Snacks, Burger, Steak, Pizza, Pasta, Fish and Chips, Caesar Salad, French Fries, Chicken Wings, Grilled Cheese Sandwich, Tacos, Lasagna, Ribs, Nachos, Mac and Cheese, Quesadilla, Hot Dog, Meatloaf, Buffalo Wings, Chicken Parmesan, Clam Chowder",Tidak,4,3,Disajikan,Ala Carte
"Gokana Ramen & Teppan, Pakuwon Mall Jogja",Japanese,6.03 km,55000,4.5,Formal,Tidak,"Sushi, Sashimi, Tempura, Ramen, Udon, Soba, Okonomiyaki, Takoyaki, Tonkatsu, Yakitori, Gyoza, Onigiri, Miso Soup, Nabe, Shabu-Shabu, Sukiyaki, Teriyaki, Unagi, Tamagoyaki, Mochi., Rice",Tidak,1,2,Disajikan,Ala Carte
"Katsukai, Selokan Mataram",Japanese,5.19 km,37000,4.1,Santai,Tidak,"Sushi, Sashimi, Tempura, Ramen, Udon, Soba, Okonomiyaki, Takoyaki, Tonkatsu, Yakitori, Gyoza, Onigiri, Miso Soup, Nabe, Shabu-Shabu, Sukiyaki, Teriyaki, Unagi, Tamagoyaki, Mochi., Rice",Tidak,1,1,Disajikan,Ala Carte
"Kalluna, Kotabaru",Western,3.39 km,60000,4.7,Santai,Tidak,"Rice, Chicken & duck, Burger, Steak, Pizza, Pasta, Fish and Chips, Caesar Salad, French Fries, Chicken Wings, Grilled Cheese Sandwich, Tacos, Lasagna, Ribs, Nachos, Mac and Cheese, Quesadilla, Hot Dog, Meatloaf, Buffalo Wings, Chicken Parmesan, Clam Chowder",Tidak,4,2,Disajikan,Ala Carte
"Daruma Donburi, Mlati, Sinduadi",Japanese,5.75 km,35000,4,Santai,Ya,"Rice, Sushi, Sashimi, Tempura, Ramen, Udon, Soba, Okonomiyaki, Takoyaki, Tonkatsu, Yakitori, Gyoza, Onigiri, Miso Soup, Nabe, Shabu-Shabu, Sukiyaki, Teriyaki, Unagi, Tamagoyaki, Mochi",Tidak,3,1,Disajikan,Ala Carte
"Sabi Jogja, Caturtunggal",Japanese,4.07 km,49000,4.5,Santai,Ya,"Sate, Rice, Sushi, Sashimi, Tempura, Ramen, Udon, Soba, Okonomiyaki, Takoyaki, Tonkatsu, Yakitori, Gyoza, Onigiri, Miso Soup, Nabe, Shabu-Shabu, Sukiyaki, Teriyaki, Unagi, Tamagoyaki, Mochi",Tidak,2,2,Disajikan,Ala Carte
"Brick Pastrami Burger, Kuliner Lor Tugu",Western,4.07 km,44000,4.5,Santai,Tidak,"Burger, Steak, Pizza, Pasta, Fish and Chips, Caesar Salad, French Fries, Chicken Wings, Grilled Cheese Sandwich, Tacos, Lasagna, Ribs, Nachos, Mac and Cheese, Quesadilla, Hot Dog, Meatloaf, Buffalo Wings, Chicken Parmesan, Clam Chowder",Tidak,2,3,Disajikan,Ala Carte
"Burger Bros, Mergangsan",Western,1.2 km,40000,4.7,Santai,Tidak,"Burger, Steak, Pizza, Pasta, Fish and Chips, Caesar Salad, French Fries, Chicken Wings, Grilled Cheese Sandwich, Tacos, Lasagna, Ribs, Nachos, Mac and Cheese, Quesadilla, Hot Dog, Meatloaf, Buffalo Wings, Chicken Parmesan, Clam Chowder",Tidak,3,1,Disajikan,Ala Carte
"Lawang Resto, Yellow Star Ambarrukmo Hotel",Western,3.47 km,28000,3.9,Santai,Tidak,"Burger, Steak, Pizza, Pasta, Fish and Chips, Caesar Salad, French Fries, Chicken Wings, Grilled Cheese Sandwich, Tacos, Lasagna, Ribs, Nachos, Mac and Cheese, Quesadilla, Hot Dog, Meatloaf, Buffalo Wings, Chicken Parmesan, Clam Chowder",Tidak,1,3,Disajikan,Ala Carte
"Waroeng Steak and Shake, HOS Cokroaminoto",Western,4.24 km,40000,4.7,Santai,Tidak,"Burger, Steak, Pizza, Pasta, Fish and Chips, Caesar Salad, French Fries, Chicken Wings, Grilled Cheese Sandwich, Tacos, Lasagna, Ribs, Nachos, Mac and Cheese, Quesadilla, Hot Dog, Meatloaf, Buffalo Wings, Chicken Parmesan, Clam Chowder",Tidak,2,3,Disajikan,Ala Carte
"Kebab Turki Baba Rafi, Tegalrejo",Western,4.42 km,38000,4,Santai,Ya,"Burger, Steak, Pizza, Pasta, Fish and Chips, Caesar Salad, French Fries, Chicken Wings, Grilled Cheese Sandwich, Tacos, Lasagna, Ribs, Nachos, Mac and Cheese, Quesadilla, Hot Dog, Meatloaf, Buffalo Wings, Chicken Parmesan, Clam Chowder,  Hummus, Falafel, Shawarma, Kebabs, Tabouleh, Baba Ganoush, Fattoush, Manakeesh, Labneh, Mutabbal, Dolma, Kofta, Mujadara, Shakshuka, Knafeh, Baklava, Meze, Sambousek, Mahshi, Qatayef, Snacks",Tidak,1,2,Disajikan,Ala Carte
"Madam Tan Indonesian Food, Gondokusuman",Western,4.4 km,30000,4.6,Santai,Tidak,"Burger, Steak, Pizza, Pasta, Fish and Chips, Caesar Salad, French Fries, Chicken Wings, Grilled Cheese Sandwich, Tacos, Lasagna, Ribs, Nachos, Mac and Cheese, Quesadilla, Hot Dog, Meatloaf, Buffalo Wings, Chicken Parmesan, Clam Chowder, Pizza & pasta, Noodles, Seafood",Tidak,2,2,Disajikan,Ala Carte
"Yamie Panda, Jalan Solo",Chinese,3.53 km,28000,4.7,Santai,Ya,"Dimsum, Bebek Peking, Cow Mein, Wonton Soup, nasi hainan, Spring Rolls, Lo Mein, Congee, Bakpao, Lumpia, Capcay, Kwetiau, Fuyunghai, Sapo Tahu,  Bakmi, Ayam Kungpao, Angsio Tahu, Ayam Koloke, Siomay, I Fu Mie, nasi goreng seafood chinese, Bakmie",Ya,3,2,Disajikan,Ala Carte
Soto Lamongan Cak Mangku,Indonesia,1.34 km,18000,4.6,Santai,Tidak,"Bakso, Soto",Tidak,1,1,Disajikan,Ala Carte
"Soto Bu Kamto, Umbulharjo",Indonesia,0.93 km,15000,4.4,Santai,Tidak,"Bakso, Soto, Aneka nasi, Ayam & bebek",Tidak,3,1,Disajikan,Ala Carte
Bakso Ceker Mercon dan Penyetan Mayang Sidikan,Indonesia,0.78 km,18000,4,Santai,Ya,"Bakso, Soto, Aneka nasi, Korean",Tidak,1,2,Disajikan,Ala Carte
"Mie Ayam & Bakso Idolaku Pak Tikno, Tamansiswa",Indonesia,1.2 km,30000,4.7,Santai,Ya,"Bakso, Soto, Bakmie",Tidak,1,2,Disajikan,Ala Carte
"Soto Daging Sapi Lamongan Cak Sodik, Jl Veteran,umbuhalrjo",Indonesia,0.42 km,22000,4.4,Santai,Tidak,"Bakso, Soto, Minuman, Cepat saji",Tidak,4,2,Disajikan,Ala Carte
"YOSHINOYA BEEF BOWL, Kaliurang Jogja",Japanese,5.73 km,64000,4.8,Formal,Tidak,"Fast food, Sushi, Sashimi, Tempura, Ramen, Udon, Soba, Okonomiyaki, Takoyaki, Tonkatsu, Yakitori, Gyoza, Onigiri, Miso Soup, Nabe, Shabu-Shabu, Sukiyaki, Teriyaki, Unagi, Tamagoyaki, Mochi, Chicken & duck, Rice, Coffee",Tidak,1,2,Disajikan,Ala Carte
"Melt Salad Fresh n Healthy Food, Sukun Raya",Western,3.04 km,19000,4.8,Santai,Tidak,"Fast food, Sweets, Burger, Steak, Pizza, Pasta, Fish and Chips, Caesar Salad, French Fries, Chicken Wings, Grilled Cheese Sandwich, Tacos, Lasagna, Ribs, Nachos, Mac and Cheese, Quesadilla, Hot Dog, Meatloaf, Buffalo Wings, Chicken Parmesan, Clam Chowder",Tidak,3,2,Disajikan,Ala Carte
"Nasi Bakar Lagi Dan Mendoan Jumbo ""Mbakayune"", Umbulharjo",Indonesia,1.45 km,20000,4.7,Santai,Ya,"Jajanan, Aneka nasi, Bakso, Soto",Tidak,4,2,Disajikan,Ala Carte
"Oriyamie, Kusumanegara",Indonesia,1.26 km,20000,3.7,Santai,Ya,"Jajanan, Bakso, Soto, Bakmie",Tidak,1,1,Disajikan,Ala Carte
"Ichiban Sushi, Plaza Malioboro",Japanese,3.24 km,52000,4.6,Formal,Tidak,"Sushi, Sashimi, Tempura, Ramen, Udon, Soba, Okonomiyaki, Takoyaki, Tonkatsu, Yakitori, Gyoza, Onigiri, Miso Soup, Nabe, Shabu-Shabu, Sukiyaki, Teriyaki, Unagi, Tamagoyaki, Mochi.",Tidak,3,3,Disajikan,Ala Carte
"Banzai, Tegalrejo",Japanese,5.03 km,49000,4.8,Formal,Tidak,"Sushi, Sashimi, Tempura, Ramen, Udon, Soba, Okonomiyaki, Takoyaki, Tonkatsu, Yakitori, Gyoza, Onigiri, Miso Soup, Nabe, Shabu-Shabu, Sukiyaki, Teriyaki, Unagi, Tamagoyaki, Mochi., Fast food, Rice",Tidak,1,1,Disajikan,Ala Carte
"Nakdang, Banguntapan",Japanese,3.28 km,33000,4.6,Santai,Tidak,"Sushi, Sashimi, Tempura, Ramen, Udon, Soba, Okonomiyaki, Takoyaki, Tonkatsu, Yakitori, Gyoza, Onigiri, Miso Soup, Nabe, Shabu-Shabu, Sukiyaki, Teriyaki, Unagi, Tamagoyaki, Mochi., Rice, Chicken & duck",Tidak,4,2,Disajikan,Ala Carte
"Boga Kitchen, Selokan Yogya",Japanese,5.11 km,82000,4.6,Santai,Ya,"Sushi, Sashimi, Tempura, Ramen, Udon, Soba, Okonomiyaki, Takoyaki, Tonkatsu, Yakitori, Gyoza, Onigiri, Miso Soup, Nabe, Shabu-Shabu, Sukiyaki, Teriyaki, Unagi, Tamagoyaki, Mochi., Rice, Fast food, Chicken & duck",Tidak,2,3,Disajikan,Ala Carte
"Por Aqui Resto & IRD, Prawirotaman",Western,1.88 km,33000,4.6,Santai,Tidak,"Rice, Beverages, Burger, Steak, Pizza, Pasta, Fish and Chips, Caesar Salad, French Fries, Chicken Wings, Grilled Cheese Sandwich, Tacos, Lasagna, Ribs, Nachos, Mac and Cheese, Quesadilla, Hot Dog, Meatloaf, Buffalo Wings, Chicken Parmesan, Clam Chowder",Tidak,3,1,Disajikan,Ala Carte
"Ayam Geprek Dan Katsu KALARASA, Umbulharjo",Japanese,1.02 km,18000,4.7,Santai,Ya,"Rice, Fast food, Sushi, Sashimi, Tempura, Ramen, Udon, Soba, Okonomiyaki, Takoyaki, Tonkatsu, Yakitori, Gyoza, Onigiri, Miso Soup, Nabe, Shabu-Shabu, Sukiyaki, Teriyaki, Unagi, Tamagoyaki, Mochi",Tidak,1,2,Disajikan,Ala Carte
"Nasi Mangkok Uncle Dave, Depok/Caturtunggal/Seturan",Japanese,5.89 km,21000,4.6,Santai,Tidak,"Rice, Fast food, Sushi, Sashimi, Tempura, Ramen, Udon, Soba, Okonomiyaki, Takoyaki, Tonkatsu, Yakitori, Gyoza, Onigiri, Miso Soup, Nabe, Shabu-Shabu, Sukiyaki, Teriyaki, Unagi, Tamagoyaki, Mochi",Tidak,3,1,Disajikan,Ala Carte
"Ramen Kanbai, Babarsari",Japanese,5.03 km,27000,4.3,Santai,Tidak,"Ramen, Sushi, Sashimi, Tempura, Ramen, Udon, Soba, Okonomiyaki, Takoyaki, Tonkatsu, Yakitori, Gyoza, Onigiri, Miso Soup, Nabe, Shabu-Shabu, Sukiyaki, Teriyaki, Unagi, Tamagoyaki, Mochi, Noodles",Tidak,2,3,Disajikan,Ala Carte
"Boom Burger, Mergangsan",Western,1.2 km,37000,4.6,Santai,Tidak,"Burger, Steak, Pizza, Pasta, Fish and Chips, Caesar Salad, French Fries, Chicken Wings, Grilled Cheese Sandwich, Tacos, Lasagna, Ribs, Nachos, Mac and Cheese, Quesadilla, Hot Dog, Meatloaf, Buffalo Wings, Chicken Parmesan, Clam Chowder",Tidak,2,3,Disajikan,Ala Carte
"Burger Bros, Seturan",Western,4.56 km,40000,4.7,Santai,Tidak,"Burger, Steak, Pizza, Pasta, Fish and Chips, Caesar Salad, French Fries, Chicken Wings, Grilled Cheese Sandwich, Tacos, Lasagna, Ribs, Nachos, Mac and Cheese, Quesadilla, Hot Dog, Meatloaf, Buffalo Wings, Chicken Parmesan, Clam Chowder",Tidak,2,1,Disajikan,Ala Carte
"Monalisa Burger Sisingamangaraja, seberang BDS syariah",Western,1.77 km,33000,4.7,Santai,Tidak,"Burger, Steak, Pizza, Pasta, Fish and Chips, Caesar Salad, French Fries, Chicken Wings, Grilled Cheese Sandwich, Tacos, Lasagna, Ribs, Nachos, Mac and Cheese, Quesadilla, Hot Dog, Meatloaf, Buffalo Wings, Chicken Parmesan, Clam Chowder",Tidak,3,3,Disajikan,Ala Carte
"Choky Spaghetti Steak, Sugiyono",Western,1.93 km,24000,4.7,Santai,Tidak,"Burger, Steak, Pizza, Pasta, Fish and Chips, Caesar Salad, French Fries, Chicken Wings, Grilled Cheese Sandwich, Tacos, Lasagna, Ribs, Nachos, Mac and Cheese, Quesadilla, Hot Dog, Meatloaf, Buffalo Wings, Chicken Parmesan, Clam Chowder, Rice",Tidak,4,3,Disajikan,Ala Carte
"Steak Box, Gondokusuman, Kotabaru",Western,3.64 km,27000,4.5,Santai,Tidak,"Burger, Steak, Pizza, Pasta, Fish and Chips, Caesar Salad, French Fries, Chicken Wings, Grilled Cheese Sandwich, Tacos, Lasagna, Ribs, Nachos, Mac and Cheese, Quesadilla, Hot Dog, Meatloaf, Buffalo Wings, Chicken Parmesan, Clam Chowder, Rice, Fast food",Tidak,2,2,Disajikan,Ala Carte
"Ta Wan, Malioboro",Chinese,3.24 km,56000,4.7,Formal,Ya,"Aneka nasi, Ayam & bebek, Dimsum, Bebek Peking, Cow Mein, Wonton Soup, nasi hainan, Spring Rolls, Lo Mein, Congee, Bakpao, Lumpia, Capcay, Kwetiau, Fuyunghai, Sapo Tahu,  Bakmi, Ayam Kungpao, Angsio Tahu, Ayam Koloke, Siomay, I Fu Mie, nasi goreng seafood chinese",Ya,1,2,Disajikan,Ala Carte
"Yamie Panda, Lippo Mall Jogja",Chinese,3.26 km,28000,4.6,Santai,Ya,"Bakmie, Dimsum, Bebek Peking, Cow Mein, Wonton Soup, nasi hainan, Spring Rolls, Lo Mein, Congee, Bakpao, Lumpia, Capcay, Kwetiau, Fuyunghai, Sapo Tahu,  Bakmi, Ayam Kungpao, Angsio Tahu, Ayam Koloke, Siomay, I Fu Mie, nasi goreng seafood chinese",Ya,4,1,Disajikan,Ala Carte
"Yamie Panda, Tamansiswa",Chinese,1.18 km,28000,4.7,Santai,Ya,"Dimsum, Bebek Peking, Cow Mein, Wonton Soup, nasi hainan, Spring Rolls, Lo Mein, Congee, Bakpao, Lumpia, Capcay, Kwetiau, Fuyunghai, Sapo Tahu,  Bakmi, Ayam Kungpao, Angsio Tahu, Ayam Koloke, Siomay, I Fu Mie, nasi goreng seafood chinese, Bakmie",Ya,4,3,Disajikan,Ala Carte
Pondok Damai Mbah Tin,Chinese,3.54 km,23000,4.5,Santai,Ya,"Aneka nasi, Bakmie, Dimsum, Bebek Peking, Cow Mein, Wonton Soup, nasi hainan, Spring Rolls, Lo Mein, Congee, Bakpao, Lumpia, Capcay, Kwetiau, Fuyunghai, Sapo Tahu,  Bakmi, Ayam Kungpao, Angsio Tahu, Ayam Koloke, Siomay, I Fu Mie, nasi goreng seafood chinese",Tidak,1,3,Disajikan,Ala Carte
"Mie Ayam Pancoran, Glagahsari",Indonesia,0.51 km,21000,3.9,Santai,Tidak,"Bakmie, Bakso, Soto",Tidak,1,3,Disajikan,Ala Carte
"Mie Kita Orang, Pasar Kranggan Lantai 2",Chinese,4.14 km,20000,4.2,Santai,Tidak,"Bakmie, Dimsum, Bebek Peking, Cow Mein, Wonton Soup, nasi hainan, Spring Rolls, Lo Mein, Congee, Bakpao, Lumpia, Capcay, Kwetiau, Fuyunghai, Sapo Tahu,  Bakmi, Ayam Kungpao, Angsio Tahu, Ayam Koloke, Siomay, I Fu Mie, nasi goreng seafood chinese",Tidak,4,3,Disajikan,Ala Carte
"Bakso Cak Masrur, Timoho",Indonesia,1.58 km,43000,4.6,Santai,Tidak,"Bakso, Soto",Tidak,2,2,Disajikan,Ala Carte
Mie Ayam Dan Bakso Urat Sari Roso Wonogiri,Indonesia,0.25 km,17000,4.7,Santai,Ya,"Bakso, Soto",Tidak,4,2,Disajikan,Ala Carte
Soto Daging Sapi Lamongan Cak Lim,Indonesia,0.39 km,22000,4.6,Santai,Tidak,"Bakso, Soto, Cepat saji, Aneka nasi",Tidak,2,3,Disajikan,Ala Carte
"Etnik Kafe, Mergangsan",Chinese,1.87 km,23000,4.3,Santai,Tidak,"Dimsum, Bebek Peking, Cow Mein, Wonton Soup, nasi hainan, Spring Rolls, Lo Mein, Congee, Bakpao, Lumpia, Capcay, Kwetiau, Fuyunghai, Sapo Tahu,  Bakmi, Ayam Kungpao, Angsio Tahu, Ayam Koloke, Siomay, I Fu Mie, nasi goreng seafood chinese, Aneka nasi, Ayam & bebek",Tidak,2,1,Disajikan,Ala Carte
Bakso Bakar Sosis Bakar Depokan,Indonesia,1.15 km,22000,4.4,Santai,Tidak,"Jajanan, Bakso, Soto, Bakmie",Tidak,4,1,Disajikan,Ala Carte
"HokBen, Malioboro Mall",Japanese,3.25 km,49000,4.7,Formal,Tidak,"Sushi, Sashimi, Tempura, Ramen, Udon, Soba, Okonomiyaki, Takoyaki, Tonkatsu, Yakitori, Gyoza, Onigiri, Miso Soup, Nabe, Shabu-Shabu, Sukiyaki, Teriyaki, Unagi, Tamagoyaki, Mochi.",Tidak,3,3,Disajikan,Ala Carte
Silla Korean & Japanese Restaurant,Japanese,6.13 km,85000,4.8,Formal,Tidak,"Sushi, Sashimi, Tempura, Ramen, Udon, Soba, Okonomiyaki, Takoyaki, Tonkatsu, Yakitori, Gyoza, Onigiri, Miso Soup, Nabe, Shabu-Shabu, Sukiyaki, Teriyaki, Unagi, Tamagoyaki, Mochi., Korean",Tidak,2,1,Disajikan,Ala Carte
"Aqori Angkringan Jepang, Kuliner Lor Tugu",Japanese,4.08 km,23000,4.4,Santai,Tidak,"Sushi, Sashimi, Tempura, Ramen, Udon, Soba, Okonomiyaki, Takoyaki, Tonkatsu, Yakitori, Gyoza, Onigiri, Miso Soup, Nabe, Shabu-Shabu, Sukiyaki, Teriyaki, Unagi, Tamagoyaki, Mochi., Snacks",Tidak,1,3,Disajikan,Ala Carte
Bakso Urat dan Mie Ayam Krowal Krowel,Indonesia,1.38 km,15000,3.5,Santai,Tidak,"Minuman, Bakso, Soto, Bakmie",Tidak,1,3,Disajikan,Ala Carte
Bubur Ayam Bang Opik,Chinese,1.52 km,18000,4.5,Santai,Tidak,"Minuman, Cepat saji, Dimsum, Bebek Peking, Cow Mein, Wonton Soup, nasi hainan, Spring Rolls, Lo Mein, Congee, Bakpao, Lumpia, Capcay, Kwetiau, Fuyunghai, Sapo Tahu,  Bakmi, Ayam Kungpao, Angsio Tahu, Ayam Koloke, Siomay, I Fu Mie, nasi goreng seafood chinese",Tidak,3,1,Disajikan,Ala Carte
"Sun Rice Bowl, Panggungharjo",Japanese,4.95 km,28000,4.7,Santai,Tidak,"Rice, Chicken & duck, Sushi, Sashimi, Tempura, Ramen, Udon, Soba, Okonomiyaki, Takoyaki, Tonkatsu, Yakitori, Gyoza, Onigiri, Miso Soup, Nabe, Shabu-Shabu, Sukiyaki, Teriyaki, Unagi, Tamagoyaki, Mochi",Tidak,3,2,Disajikan,Ala Carte
"Sate Kambing Pak Tomek, Ngentak",Indonesia,3.06 km,22000,4.5,Santai,Tidak,"Sate, Aneka nasi, Bakso, Soto",Tidak,3,3,Disajikan,Ala Carte
"Seafood 99, Sorogenen",Chinese,1.4 km,32000,4.7,Santai,Tidak,"Seafood, Aneka nasi, Dimsum, Bebek Peking, Cow Mein, Wonton Soup, nasi hainan, Spring Rolls, Lo Mein, Congee, Bakpao, Lumpia, Capcay, Kwetiau, Fuyunghai, Sapo Tahu,  Bakmi, Ayam Kungpao, Angsio Tahu, Ayam Koloke, Siomay, I Fu Mie, nasi goreng seafood chinese",Tidak,4,1,Disajikan,Ala Carte
"Lawson Shop, Imogiri Barat",Japanese,5.49 km,44000,4.7,Formal,Tidak,"Snacks, Beverages, Sushi, Sashimi, Tempura, Ramen, Udon, Soba, Okonomiyaki, Takoyaki, Tonkatsu, Yakitori, Gyoza, Onigiri, Miso Soup, Nabe, Shabu-Shabu, Sukiyaki, Teriyaki, Unagi, Tamagoyaki, Mochi, Coffee, Korean",Tidak,4,3,Disajikan,Ala Carte
"Lawson Shop, Sorowajan",Japanese,2.75 km,44000,4.7,Formal,Tidak,"Snacks, Beverages, Sushi, Sashimi, Tempura, Ramen, Udon, Soba, Okonomiyaki, Takoyaki, Tonkatsu, Yakitori, Gyoza, Onigiri, Miso Soup, Nabe, Shabu-Shabu, Sukiyaki, Teriyaki, Unagi, Tamagoyaki, Mochi, Coffee, Korean",Tidak,4,2,Disajikan,Ala Carte
"Burgerax, Gedongkuning",Western,1.64 km,38000,4.5,Santai,Tidak,"Fast food, Burger, Steak, Pizza, Pasta, Fish and Chips, Caesar Salad, French Fries, Chicken Wings, Grilled Cheese Sandwich, Tacos, Lasagna, Ribs, Nachos, Mac and Cheese, Quesadilla, Hot Dog, Meatloaf, Buffalo Wings, Chicken Parmesan, Clam Chowder",Tidak,1,2,Disajikan,Ala Carte
"Hawker's Steak, JEC",Western,2.41 km,28000,4.5,Formal,Tidak,"Steak, Pizza, Burger, Pasta, Fish and Chips, Caesar Salad, French Fries, Chicken Wings, Grilled Cheese Sandwich, Tacos, Lasagna, Ribs, Nachos, Mac and Cheese, Quesadilla, Hot Dog, Meatloaf, Buffalo Wings, Chicken Parmesan, Clam Chowder",Tidak,2,1,Disajikan,Ala Carte
"Pizza Aroma Italia 2, Gondokusuman",Western,2.37 km,107000,4.8,Formal,Tidak,"Pizza, Burger, Steak, Pasta, Fish and Chips, Caesar Salad, French Fries, Chicken Wings, Grilled Cheese Sandwich, Tacos, Lasagna, Ribs, Nachos, Mac and Cheese, Quesadilla, Hot Dog, Meatloaf, Buffalo Wings, Chicken Parmesan, Clam Chowder, Pizza & pasta",Tidak,2,2,Disajikan,Ala Carte
"Blengerr, Hayam Wuruk",Chinese,2.73 km,34000,4.7,Santai,Ya,"Aneka nasi, Ayam & bebek, Dimsum, Bebek Peking, Cow Mein, Wonton Soup, nasi hainan, Spring Rolls, Lo Mein, Congee, Bakpao, Lumpia, Capcay, Kwetiau, Fuyunghai, Sapo Tahu,  Bakmi, Ayam Kungpao, Angsio Tahu, Ayam Koloke, Siomay, I Fu Mie, nasi goreng seafood chinese",Tidak,4,3,Disajikan,Ala Carte
"Nasi Goreng dan Chinese Food Abah, Prawirotaman",Chinese,2.11 km,22000,4.8,Santai,Tidak,"Nasi goreng, Bakmie, Dimsum, Bebek Peking, Cow Mein, Wonton Soup, nasi hainan, Spring Rolls, Lo Mein, Congee, Bakpao, Lumpia, Capcay, Kwetiau, Fuyunghai, Sapo Tahu,  Bakmi, Ayam Kungpao, Angsio Tahu, Ayam Koloke, Siomay, I Fu Mie, nasi goreng seafood chinese, Aneka nasi",Tidak,1,1,Disajikan,Ala Carte
Bakso Rahayu,Indonesia,1.47 km,14000,4.5,Santai,Tidak,"Bakso, Soto",Tidak,1,1,Disajikan,Ala Carte
BAKSO URAT CAK EKA AREMA MALANG JATIM,Indonesia,3.01 km,16000,4.4,Santai,Tidak,"Bakso, Soto",Tidak,4,3,Disajikan,Ala Carte
"Soto Sapi Winong, Ngeksigondo",Indonesia,1.13 km,25000,4.9,Santai,Tidak,"Bakso, Soto",Tidak,4,2,Disajikan,Ala Carte
"Mr. Teto Sate & Soto, Perintis Kemerdekaan",Indonesia,0.85 km,27000,4.8,Santai,Tidak,"Bakso, Soto, Sate",Tidak,2,1,Disajikan,Ala Carte
"Steak 36 Kusumanegara, No.222 , Kota Yogyakarta",Western,1.51 km,24000,4.5,Santai,Tidak,"Burger, Steak, Pizza, Pasta, Fish and Chips, Caesar Salad, French Fries, Chicken Wings, Grilled Cheese Sandwich, Nachos, Mac and Cheese, Quesadilla, Hot Dog, Meatloaf, Buffalo Wings, Chicken Parmesan, Clam Chowder, Chicken & duck",Tidak,3,3,Disajikan,Ala Carte
"Petit Paris Boulangerie and Bistro, Kotabaru",Western,3.22 km,103000,4.5,Formal,Tidak,"Chicken & duck, Burger, Steak, Pizza, Pasta, Fish and Chips, Caesar Salad, French Fries, Chicken Wings, Grilled Cheese Sandwich, Tacos, Lasagna, Ribs, Nachos, Mac and Cheese, Quesadilla, Hot Dog, Meatloaf, Buffalo Wings, Chicken Parmesan, Clam Chowder, Fast food",Tidak,3,2,Disajikan,Ala Carte
"A&M Co. Express, Jogja",Japanese,3.95 km,75000,4.6,Formal,Tidak,"Fast food, Sushi, Sashimi, Tempura, Ramen, Udon, Soba, Okonomiyaki, Takoyaki, Tonkatsu, Yakitori, Gyoza, Onigiri, Miso Soup, Nabe, Shabu-Shabu, Sukiyaki, Teriyaki, Unagi, Tamagoyaki, Mochi",Tidak,4,1,Disajikan,Ala Carte
"Ayam Serundeng, Nitikan",Indonesia,1 km,21000,4.6,Santai,Tidak,"Ayam Serundeng, Jajanan, Aneka nasi, Bakso, Soto",Tidak,3,3,Disajikan,Ala Carte
"Hakata Ikkousha, Hartono Mall",Japanese,6.19 km,64000,4.6,Formal,Tidak,"Sushi, Sashimi, Tempura, Ramen, Udon, Soba, Okonomiyaki, Takoyaki, Tonkatsu, Yakitori, Gyoza, Onigiri, Miso Soup, Nabe, Shabu-Shabu, Sukiyaki, Teriyaki, Unagi, Tamagoyaki, Mochi.",Tidak,4,3,Disajikan,Ala Carte
"Shigeru Sushi, Pakuwon Mall Yogyakarta",Japanese,6.1 km,50000,4.5,Formal,Ya,"Sushi, Sashimi, Tempura, Ramen, Udon, Soba, Okonomiyaki, Takoyaki, Tonkatsu, Yakitori, Gyoza, Onigiri, Miso Soup, Nabe, Shabu-Shabu, Sukiyaki, Teriyaki, Unagi, Tamagoyaki, Mochi.",Tidak,1,1,Disajikan,Ala Carte
"Kimukatsu, Hartono Mall",Japanese,5.94 km,67000,4.8,Formal,Tidak,"Sushi, Sashimi, Tempura, Ramen, Udon, Soba, Okonomiyaki, Takoyaki, Tonkatsu, Yakitori, Gyoza, Onigiri, Miso Soup, Nabe, Shabu-Shabu, Sukiyaki, Teriyaki, Unagi, Tamagoyaki, Mochi., Rice, Chicken & duck",Tidak,3,3,Disajikan,Ala Carte
"Beef Mafia, Selokan Yogya",Japanese,5.11 km,70000,4.8,Formal,Ya,"Sushi, Sashimi, Tempura, Ramen, Udon, Soba, Okonomiyaki, Takoyaki, Tonkatsu, Yakitori, Gyoza, Onigiri, Miso Soup, Nabe, Shabu-Shabu, Sukiyaki, Teriyaki, Unagi, Tamagoyaki, Mochi., Rice, Fast food, Chicken & duck",Tidak,4,1,Disajikan,Ala Carte
"Genki Sushi, Plaza Ambarrukmo",Japanese,3.74 km,58000,4.7,Formal,Tidak,"Sushi, Sashimi, Tempura, Ramen, Udon, Soba, Okonomiyaki, Takoyaki, Tonkatsu, Yakitori, Gyoza, Onigiri, Miso Soup, Nabe, Shabu-Shabu, Sukiyaki, Teriyaki, Unagi, Tamagoyaki, Mochi., Rice, Snacks",Tidak,1,2,Disajikan,Ala Carte
"K'Meals Bar & Restaurant, Prawirotaman",Western,2.02 km,40000,4.8,Formal,Tidak,"Pizza & pasta, Beverages, Burger, Steak, Pizza, Pasta, Fish and Chips, Caesar Salad, French Fries, Chicken Wings, Grilled Cheese Sandwich, Tacos, Lasagna, Ribs, Nachos, Mac and Cheese, Quesadilla, Hot Dog, Meatloaf, Buffalo Wings, Chicken Parmesan, Clam Chowder",Tidak,2,1,Disajikan,Ala Carte
"Ganbate Kitchen, Widya Mataram",Japanese,3.3 km,31000,4.4,Santai,Tidak,"Rice, Chicken & duck, Sushi, Sashimi, Tempura, Ramen, Udon, Soba, Okonomiyaki, Takoyaki, Tonkatsu, Yakitori, Gyoza, Onigiri, Miso Soup, Nabe, Shabu-Shabu, Sukiyaki, Teriyaki, Unagi, Tamagoyaki, Mochi",Tidak,4,2,Disajikan,Ala Carte
"AB Oriental Streetfood, Pedak",Japanese,3.14 km,32000,4.7,Santai,Ya,"Rice, Fast food, Sushi, Sashimi, Tempura, Ramen, Udon, Soba, Okonomiyaki, Takoyaki, Tonkatsu, Yakitori, Gyoza, Onigiri, Miso Soup, Nabe, Shabu-Shabu, Sukiyaki, Teriyaki, Unagi, Tamagoyaki, Mochi",Tidak,2,2,Disajikan,Ala Carte
"Steak Moen-Moen, Galeria Mall",Western,3.47 km,26000,4.4,Formal,Tidak,"Burger, Steak, Pizza, Pasta, Fish and Chips, Caesar Salad, French Fries, Chicken Wings, Grilled Cheese Sandwich, Tacos, Lasagna, Ribs, Nachos, Mac and Cheese, Quesadilla, Hot Dog, Meatloaf, Buffalo Wings, Chicken Parmesan, Clam Chowder",Tidak,4,3,Disajikan,Ala Carte
"Steak Up, Mlati",Western,4.13 km,88000,4.6,Santai,Tidak,"Burger, Steak, Pizza, Pasta, Fish and Chips, Caesar Salad, French Fries, Chicken Wings, Grilled Cheese Sandwich, Tacos, Lasagna, Ribs, Nachos, Mac and Cheese, Quesadilla, Hot Dog, Meatloaf, Buffalo Wings, Chicken Parmesan, Clam Chowder",Tidak,2,1,Disajikan,Ala Carte
"Kebab Burger 26, Kotagede",Western,1.8 km,19000,4.3,Santai,Tidak,"Burger, Steak, Pizza, Pasta, Fish and Chips, Caesar Salad, French Fries, Chicken Wings, Grilled Cheese Sandwich, Tacos, Lasagna, Ribs, Nachos, Mac and Cheese, Quesadilla, Hot Dog, Meatloaf, Buffalo Wings, Chicken Parmesan, Clam Chowder, Fast food",Tidak,3,2,Disajikan,Ala Carte
"Pothz Burger, STM Pembangunan",Western,4.48 km,27000,4.6,Santai,Tidak,"Burger, Steak, Pizza, Pasta, Fish and Chips, Caesar Salad, French Fries, Chicken Wings, Grilled Cheese Sandwich, Tacos, Lasagna, Ribs, Nachos, Mac and Cheese, Quesadilla, Hot Dog, Meatloaf, Buffalo Wings, Chicken Parmesan, Clam Chowder, Fast food",Tidak,3,1,Disajikan,Ala Carte
Warung Buto,Chinese,2.2 km,43000,4.7,Santai,Tidak,"Aneka nasi, Dimsum, Bebek Peking, Cow Mein, Wonton Soup, nasi hainan, Spring Rolls, Lo Mein, Congee, Bakpao, Lumpia, Capcay, Kwetiau, Fuyunghai, Sapo Tahu,  Bakmi, Ayam Kungpao, Angsio Tahu, Ayam Koloke, Siomay, I Fu Mie, nasi goreng seafood chinese, Sate",Tidak,1,1,Disajikan,Ala Carte
"Mie Surabaya Pak Joko, Gedongkuning Selatan",Chinese,1.62 km,18000,4.7,Santai,Tidak,"Bakmie, Aneka nasi, Dimsum, Bebek Peking, Cow Mein, Wonton Soup, nasi hainan, Spring Rolls, Lo Mein, Congee, Bakpao, Lumpia, Capcay, Kwetiau, Fuyunghai, Sapo Tahu,  Bakmi, Ayam Kungpao, Angsio Tahu, Ayam Koloke, Siomay, I Fu Mie, nasi goreng seafood chinese",Tidak,4,3,Disajikan,Ala Carte
Bakso Dan Mie Ayam Barokah 354 Sor Talok,Indonesia,0.75 km,16000,4.6,Santai,Tidak,"Soto ayam, Soto daging, Soto babat, Bakso, Mie ayam, Mie yamin, Pecel lele, Nasi gudeg, Rawon, Soto ayam, Pecel, Nasi liwet, Rujak cingur, Tahu tek, Sate kambing, Tempe mendoan, Gado-gado, Lontong balap, Semur jengkol, Nasi kucing, Bakmi jawa, Garang asem, Botok, Pepes, Opor ayam, Tengkleng, Empal gentong",Tidak,2,1,Disajikan,Ala Carte
"Mie Kepang Jayakarta, Kusumanegara",Indonesia,1.26 km,42000,4.6,Santai,Ya,"Soto ayam, Soto daging, Soto babat, Bakso, Mie ayam, Mie yamin, Pecel lele, Nasi gudeg, Rawon, Soto ayam, Pecel, Nasi liwet, Rujak cingur, Tahu tek, Sate kambing, Tempe mendoan, Gado-gado, Lontong balap, Semur jengkol, Nasi kucing, Bakmi jawa, Garang asem, Botok, Pepes, Opor ayam, Tengkleng, Empal gentong",Tidak,3,2,Disajikan,Ala Carte
Warung Sop dan Tongseng Ayam Family,Indonesia,3.1 km,17000,4.2,Santai,Tidak,"Soto ayam, Soto daging, Soto babat, Bakso, Mie ayam, Mie yamin, Pecel lele, Nasi gudeg, Rawon, Soto ayam, Pecel, Nasi liwet, Rujak cingur, Tahu tek, Sate kambing, Tempe mendoan, Gado-gado, Lontong balap, Semur jengkol, Nasi kucing, Bakmi jawa, Garang asem, Botok, Pepes, Opor ayam, Tengkleng, Empal gentong",Tidak,2,3,Disajikan,Ala Carte
"Ono Dimsum, Timoho",Indonesia,2.84 km,17000,4.6,Santai,Tidak,"Soto ayam, Soto daging, Soto babat, Bakso, Mie ayam, Mie yamin, Pecel lele, Nasi gudeg, Rawon, Soto ayam, Pecel, Nasi liwet, Rujak cingur, Tahu tek, Sate kambing, Tempe mendoan, Gado-gado, Lontong balap, Semur jengkol, Nasi kucing, Bakmi jawa, Garang asem, Botok, Pepes, Opor ayam, Tengkleng, Empal gentong",Tidak,4,1,Disajikan,Ala Carte
Bakso Dan Seblak Asgar,Indonesia,0.51 km,17000,4.6,Santai,Ya,"Soto ayam, Soto daging, Soto babat, Bakso, Mie ayam, Mie yamin, Pecel lele, Nasi gudeg, Rawon, Soto ayam, Pecel, Nasi liwet, Rujak cingur, Tahu tek, Sate kambing, Tempe mendoan, Gado-gado, Lontong balap, Semur jengkol, Nasi kucing, Bakmi jawa, Garang asem, Botok, Pepes, Opor ayam, Tengkleng, Empal gentong",Tidak,3,1,Disajikan,Ala Carte
"Tanamera Coffee Roastery, Yogyakarta",Western,4.03 km,75000,4.5,Santai,Tidak,"Beverages, Coffee, Burger, Steak, Pizza, Pasta, Fish and Chips, Caesar Salad, French Fries, Chicken Wings, Grilled Cheese Sandwich, Tacos, Lasagna, Ribs, Nachos, Mac and Cheese, Quesadilla, Hot Dog, Meatloaf, Buffalo Wings, Chicken Parmesan, Clam Chowder",Tidak,3,1,Disajikan,Ala Carte
"Rembo Chick n Steak, Mantrijeron",Western,3.66 km,15000,3.4,Santai,Tidak,"Chicken & duck, Burger, Steak, Pizza, Pasta, Fish and Chips, Caesar Salad, French Fries, Chicken Wings, Grilled Cheese Sandwich, Tacos, Lasagna, Ribs, Nachos, Mac and Cheese, Quesadilla, Hot Dog, Meatloaf, Buffalo Wings, Chicken Parmesan, Clam Chowder, Fast food",Tidak,2,1,Disajikan,Ala Carte
"Oase Cafe & Coffe, Mergangsan",Chinese,1.3 km,22000,4.6,Santai,Tidak,"Dimsum, Bebek Peking, Cow Mein, Wonton Soup, nasi hainan, Spring Rolls, Lo Mein, Congee, Bakpao, Lumpia, Capcay, Kwetiau, Fuyunghai, Sapo Tahu,  Bakmi, Ayam Kungpao, Angsio Tahu, Ayam Koloke, Siomay, I Fu Mie, nasi goreng seafood chinese, Aneka nasi, Bakmie",Tidak,2,2,Disajikan,Ala Carte
Rumah Makan Echo Roso 1,Chinese,3.06 km,27000,4.6,Santai,Tidak,"Dimsum, Bebek Peking, Cow Mein, Wonton Soup, nasi hainan, Spring Rolls, Lo Mein, Congee, Bakpao, Lumpia, Capcay, Kwetiau, Fuyunghai, Sapo Tahu,  Bakmi, Ayam Kungpao, Angsio Tahu, Ayam Koloke, Siomay, I Fu Mie, nasi goreng seafood chinese, Aneka nasi, Seafood",Tidak,3,2,Disajikan,Ala Carte
"Vegan Fortunate Coffee, Jogonegaran",Western,3.57 km,45000,4.8,Santai,Ya,"Coffee, Burger, Steak, Pizza, Pasta, Fish and Chips, Caesar Salad, French Fries, Chicken Wings, Grilled Cheese Sandwich, Tacos, Lasagna, Ribs, Nachos, Mac and Cheese, Quesadilla, Hot Dog, Meatloaf, Buffalo Wings, Chicken Parmesan, Clam Chowder, Beverages",Tidak,4,3,Disajikan,Ala Carte
"Onoki Mentai, Depok",Japanese,4.97 km,45000,4.8,Santai,Tidak,"Sushi, Sashimi, Tempura, Ramen, Udon, Soba, Okonomiyaki, Takoyaki, Tonkatsu, Yakitori, Gyoza, Onigiri, Miso Soup, Nabe, Shabu-Shabu, Sukiyaki, Teriyaki, Unagi, Tamagoyaki, Mochi, Rice",Tidak,2,3,Disajikan,Ala Carte
"Banzai!, Seturan",Japanese,4.56 km,49000,4.7,Formal,Tidak,"Sushi, Sashimi, Tempura, Ramen, Udon, Soba, Okonomiyaki, Takoyaki, Tonkatsu, Yakitori, Gyoza, Onigiri, Miso Soup, Nabe, Shabu-Shabu, Sukiyaki, Teriyaki, Unagi, Tamagoyaki, Mochi.",Tidak,3,1,Disajikan,Ala Carte
"Ichiban Sushi, Plaza Ambarrukmo",Japanese,3.73 km,52000,4.6,Formal,Tidak,"Sushi, Sashimi, Tempura, Ramen, Udon, Soba, Okonomiyaki, Takoyaki, Tonkatsu, Yakitori, Gyoza, Onigiri, Miso Soup, Nabe, Shabu-Shabu, Sukiyaki, Teriyaki, Unagi, Tamagoyaki, Mochi.",Tidak,4,3,Disajikan,Ala Carte
Umami House Sushi & Dry Ramen,Japanese,2.74 km,21000,4.5,Santai,Ya,"Sushi, Sashimi, Tempura, Ramen, Udon, Soba, Okonomiyaki, Takoyaki, Tonkatsu, Yakitori, Gyoza, Onigiri, Miso Soup, Nabe, Shabu-Shabu, Sukiyaki, Teriyaki, Unagi, Tamagoyaki, Mochi.",Tidak,4,3,Disajikan,Ala Carte
"Zutto Sushi Homemade, Elang",Japanese,4.71 km,30000,4.4,Santai,Tidak,"Sushi, Sashimi, Tempura, Ramen, Udon, Soba, Okonomiyaki, Takoyaki, Tonkatsu, Yakitori, Gyoza, Onigiri, Miso Soup, Nabe, Shabu-Shabu, Sukiyaki, Teriyaki, Unagi, Tamagoyaki, Mochi.",Tidak,2,1,Disajikan,Ala Carte
"Marugame Udon & Tempura, Plaza Ambarrukmo",Japanese,3.64 km,68000,4.8,Formal,Tidak,"Udon, Tempura, Dimsum, Puding, Rice bowl, Onigiri, Tonkatsu, Gyoza, Tamagoyaki, Sushi",Tidak,4,4,Disajikan,Ala Carte
"Warunk Sushi Condong Catur, Depok",Japanese,4.98 km,44000,4.6,Santai,Ya,"Sushi, Sashimi, Tempura, Ramen, Udon, Soba, Okonomiyaki, Takoyaki, Tonkatsu, Yakitori, Gyoza, Onigiri, Miso Soup, Nabe, Shabu-Shabu, Sukiyaki, Teriyaki, Unagi, Tamagoyaki, Mochi",Tidak,1,2,Disajikan,Ala Carte
Takoyaki Kuliner Lor Tugu,Japanese,4.06 km,22000,4.2,Santai,Tidak,"Takoyaki, Okonomiyaki, Tempura, Tonkatsu, Yakitori, Gyoza, Onigiri, Tamagoyaki, Mochi.",Tidak,3,2,Disajikan,Ala Carte
"Lawson Shop, Mantrijeron",Japanese,3.61 km,44000,4.4,Formal,Tidak,"Rabokki, Teokpokki, Jajjangmyeon, Odeng, Snacks, Beverages, Onigiri, Teriyaki, Coffee",Tidak,1,3,Disajikan,Ala Carte
"Veno'S Burger, Mergangsan",Western,2.22 km,40000,4.1,Santai,Ya,"Burger, Steak, Pizza, Pasta, Fish and Chips, Caesar Salad, French Fries, Chicken Wings, Grilled Cheese Sandwich, Tacos, Lasagna, Ribs, Nachos, Mac and Cheese, Quesadilla, Hot Dog, Meatloaf, Buffalo Wings, Chicken Parmesan, Clam Chowder, Snacks, Fast food, ",Tidak,3,1,Disajikan,Ala Carte
OMAH STEAK AND CHICKEN,Western,2.31 km,34000,4.7,Santai,Tidak,"Steak, Burger, Pizza, Pasta, Fish and Chips, Caesar Salad, French Fries, Chicken Wings, Grilled Cheese Sandwich, Tacos, Lasagna, Ribs, Nachos, Mac and Cheese, Quesadilla, Hot Dog, Meatloaf, Buffalo Wings, Chicken Parmesan, Clam Chowder.",Tidak,3,2,Disajikan,Ala Carte
"Pondok Cabe Bistro, C Simanjuntak",Western,4.25 km,35000,4.5,Santai,Tidak,"Burger, Steak, Pizza, Pasta, Fish and Chips, Caesar Salad, French Fries, Chicken Wings, Grilled Cheese Sandwich, Tacos, Lasagna, Ribs, Nachos, Mac and Cheese, Quesadilla, Hot Dog, Meatloaf, Buffalo Wings, Chicken Parmesan, Clam Chowder, Pizza & pasta, Rice, Chicken & duck, Bakso, Soto",Tidak,4,3,Disajikan,Ala Carte
Waroeng Spaghetti Balapan,Western,3.25 km,25000,4.7,Santai,Ya,"Pasta, Burger, Steak, Fish and Chips, French Fries, Chicken Wings, Grilled Cheese Sandwich, Tacos, Lasagna, Ribs, Nachos, Mac and Cheese, Quesadilla, Hot Dog,",Tidak,2,2,Disajikan,Ala Carte
"Burgerax, Patangpuluhan",Western,4.59 km,38000,4.7,Santai,Tidak,"Burger, Steak, Pizza, Pasta, Fish and Chips, French Fries, Chicken Wings, Mac and Cheese, Snacks, Fast food",Tidak,4,3,Disajikan,Ala Carte
"Shaburi & Kintan Buffet, Ambarukmo Plaza Yogya",Japanese,3.67 km,330000,4.8,Formal,Tidak,"Sushi, Sashimi, Tempura, Ramen, Udon, Soba, Okonomiyaki, Takoyaki, Tonkatsu, Yakitori, Gyoza, Onigiri, Miso Soup, Nabe, Shabu-Shabu, Sukiyaki, Teriyaki, Unagi, Tamagoyaki, Mochi., Rice, Chicken & duck",Tidak,1,2,Ambil Sendiri,All You Can Eat